Nt_PVK/ETL,Nt_HTL/PVK,Na_PVK,Nd_PVK,Na_HTL,Nd_HTL,Na_ETL,Nd_ETL,eta
31.376952329170912,25.421719856263994,43.122518354056744,36.17115209700577,41.036728944617934,16.8299515417153,28.39738475525178,34.36008212399179,18.128
29.486101280426155,23.207356200888686,30.42773205871846,40.060540160031955,40.12458001575787,20.2861515664165,33.93965983462181,41.42513213027729,20.1211
31.622997499780062,28.883788264028663,36.57233350663616,31.204408494947707,24.253613241182098,17.65320800004323,32.84306913013315,43.66161281985801,15.9502
27.372483707240402,25.276872360783216,33.23272057835808,36.614059053655446,26.705783099942284,5.0376428015685075,43.22568937038267,40.74489986759788,0.0
32.04089974018632,30.293928409985398,35.051145182123456,43.52174669953639,45.656867997082415,17.49572735930795,44.55453181891711,29.734867531656807,0.0
31.541944301849842,30.556636585298786,28.8380199777832,36.52368334689239,26.677657794872026,1.9992037365042759,32.409400162692194,33.81740417410872,14.0701
31.88275675796975,23.218636437337132,44.36520830141827,27.32256027287362,38.224230559436315,13.902524293100177,41.818758730391764,31.885895869792787,0.0
30.282310929829933,31.98889615889251,26.520060364362383,42.92749922124024,45.122096721241064,5.091290889684461,29.334205097885086,31.8342530382462,21.6502
23.71060866502929,26.74578356987076,40.248582110211146,24.76332341462754,27.788806213794512,7.295061966560609,37.07229320418339,31.581184417735127,0.0165
28.177662369363386,28.768806638800278,40.41680289639694,38.26932902155215,29.846819564780287,20.184840741814757,34.298201851588246,32.02387154228124,0.0
30.85726788420654,25.592129771215333,27.005763860815843,36.4103673266725,37.60500176914135,2.206855108875508,29.894730320937065,38.42879072769464,16.4991
27.463102102240953,28.48474513108462,35.174313903421236,42.80932389501928,42.45144388773005,7.912378831906613,37.31772414839208,43.45485259971548,21.6175
32.09991602741391,31.04280070948376,41.46621359313699,42.42182497479271,26.27209844438171,18.97264957728222,41.148791950669164,30.48733841801731,0.0
29.20129325107751,30.201856769034674,37.907592015608564,33.26979345457747,33.50790268763883,8.473741625742088,40.52739322688375,45.39956885170669,21.2618
26.254628632374608,28.87482435031369,27.456749528031672,29.457385017821597,38.66834058130058,18.137589052317043,28.15262086043122,45.72976311238444,23.4896
24.57263499142336,31.45042251318459,37.998899014972714,32.435213167252,32.85083529412618,13.728502821951961,42.03471968638256,45.37359563806697,24.3468
29.461767413426095,23.265033874771515,38.27845384298436,28.149161948386276,35.05771858552458,18.278055788697397,33.43056567376358,43.03599384430869,19.3504
23.05598719427465,25.09864655652934,45.31171163255845,28.707806231181234,35.11461498235647,2.0901076082925822,46.006204215428696,42.794636289653106,0.0
24.780359175068995,27.49793770773632,30.72573260317926,36.26087078469992,39.42885852146442,9.986200540912499,40.441507605920094,38.89084573501245,0.0
29.204986784141063,24.206070570465457,24.665740643174757,41.594278959123486,26.022970994787787,8.158685797882123,37.774594431626845,34.751341195581404,0.0
31.03771608087023,23.219137388905146,37.266640130449,41.04874426411838,27.002331857206045,22.46206223176037,40.13602505814187,41.743136232141374,19.9135
28.73226428274234,25.332011093143898,41.389561355748114,31.439355360029893,35.43204388136482,1.5158255405080767,28.491938670125414,40.13614908646896,17.8959
31.06117523285102,25.27939184663361,26.729284624924812,37.711358855307466,32.646431193204066,3.4179204067750226,35.0838506705063,33.41699130411269,0.0
29.750059861264134,28.753063131950178,36.159697304693914,33.11099401721442,32.014754581360656,12.171341279453449,38.250124938722394,40.939968429694694,17.825
23.484963984632373,26.64462095581633,33.54552500907816,45.494361707369094,41.351746528894445,19.93465348307004,42.02684907340793,34.87837720458245,0.0
28.93436020552034,27.273952974740894,29.052322105253626,30.06941923218575,37.83894776259841,15.352649385542467,44.06668039853397,41.28189819362321,0.0
28.155648944167144,31.302921122697285,32.60937317408676,45.13625130983864,36.4573352936016,18.561887807157305,34.16853787586782,35.89067356540918,19.0303
25.614483057457413,24.545447006643663,44.69470572261452,45.921994610007935,24.09636439692512,3.9038171952930463,37.34494873363403,33.510706778403744,0.0
28.909767646599,30.2201807544397,26.835894699450833,33.82354707377629,40.07784883145705,20.822733401294425,43.964274237260234,36.718180976449176,0.0
29.86735857859017,24.739685900073134,43.004855636667045,29.06177173207202,24.535556224662653,4.4879143327939355,36.003108463668,39.11436266105929,16.5222
28.199362749969975,26.441366770262878,31.255792723056924,36.37685702095273,35.50135874323979,5.523184550428012,31.15676001316901,45.33570707831849,20.8967
26.66108453816405,25.767445663591428,39.92406529282175,34.84014796507638,45.55044274197944,8.988746807705464,40.20844984995611,31.810579657125878,0.0
25.472016131742187,26.08668714282991,45.47973457173712,38.60990526865191,29.788231696012502,3.4841013024202523,30.43035534509024,29.06055561555877,1.1157
23.204323460502653,23.86526485872295,37.19592858346997,24.980037339324454,30.18870182756697,5.293849276993022,39.160165370515365,30.76814924988843,0.0042
30.70511917265086,28.47733144568981,23.807551405627862,46.036484294512064,36.750383938810394,6.324639251601193,33.398413092942896,31.318840249681656,0.0
24.060878853955273,31.832582082945038,41.092701810168066,27.071368751949613,33.05018330915452,9.177031828639127,35.6408605470354,37.7631296006399,22.1145
30.63516045434246,26.36320186963826,29.096256310978067,28.373296192959156,41.10898762446018,6.776099496862358,30.79299584526541,40.19461282171979,16.9346
25.34225529873648,31.570522826962556,39.23729859429354,40.00803293477169,30.581818501811753,9.480632007473007,36.58492311446937,31.881635847070882,0.0
26.7712939186829,23.720384906712408,24.096763010360917,27.29185307273,42.54368846746645,0.34131930841024694,43.87661834335424,43.88119878994091,19.018
26.81225950920123,24.38162161469943,29.823933379503856,35.482392531140476,31.958148382268227,5.37817091784953,36.32296797537462,45.89931759999075,23.0987
30.76989164551815,28.257206502605765,29.19563195257366,23.76560430278463,41.74844909901429,4.0102515128261516,35.905146842038626,39.03653829131316,16.0945
31.006296904880404,24.347608174980838,44.04545749998816,28.194294503489413,27.80576913154539,16.615371865028507,31.887034091270138,36.034315010240284,18.4267
31.85035927496122,27.28327061891799,26.087607501013935,43.577159016139674,25.201701872396804,3.5357896254628156,39.79775461073656,41.67937927063207,19.2493
30.192265892448784,26.531717657353752,35.3989773809095,40.81778316442434,45.2741684035222,15.044223006219397,27.979831346414336,39.76371999764316,20.577
28.912178635215,29.637843323202862,39.62639393721986,31.612523508884017,29.850379317894895,17.236100564542387,41.25920069448198,36.76411461831258,0.0
23.730096810388297,32.17397184787932,40.569244484774174,28.77604868946265,23.46150556486168,21.024317198542963,32.49594985630034,34.44072810750659,19.2063
27.511605346471455,30.70052872233261,45.397566814788604,38.74693336448877,44.98382737738828,17.547354513240453,32.66543152238317,46.02455317077971,17.7461
28.92968654424442,23.45105403185085,30.096100516937724,45.16406515841663,28.153222067739925,15.639679743023972,40.10842224953482,31.07209374961812,0.0
27.637687252000102,26.44334193558931,25.085827253945997,32.63088408992551,43.886419366797114,16.646558158452315,42.77049712157644,32.919147603103085,0.0
24.308819443666142,30.294368465354427,40.80708552282141,23.517023544280892,41.7318414594153,22.525139891334096,43.322937345608864,40.22011873207351,0.0
30.660690214100285,23.05159449320246,28.393158725695955,23.062000639701743,25.932109810842398,6.5851803074420046,33.30271890293144,42.503185061321574,16.895
29.654106368813537,27.96470534747404,33.2567401452072,40.161455935470556,36.07076741964819,9.267563510476737,30.82913598472655,43.70375111379995,20.436
24.1168400685322,30.011590647975385,28.150469156195605,25.5038380626794,38.89355730806448,19.496853651677974,40.244094005136795,31.94984561084093,0.0
28.597263605562077,25.544925415747183,35.64514194596078,32.54537165240936,43.329926439399,2.0961848754493366,36.469435393754466,29.540161318912453,0.0
31.16023623670639,24.066586783038826,36.39567678326213,23.179159374386554,31.27697462699517,2.632195184394876,36.06768382304209,29.489364970638256,0.0
24.502331780776817,28.53531588229346,26.216253192320053,34.87905077731804,38.174668475099594,1.3824765831748256,45.681796461655004,45.243953057782626,0.0
25.713789838047738,25.713201193657675,31.897937541140728,39.688054502205006,40.478338731501765,4.570816345823453,39.876769151768386,36.27229678291645,0.0
23.825849140920287,25.088993198253775,25.32496990153723,38.51722248040433,36.09903468053348,1.9399637989247964,37.725682516359996,45.16567778213704,23.8154
29.787770760283017,29.47524935101143,33.34944138699869,45.13144577860595,30.45291049068372,6.380796791503178,43.5512930376008,35.70815969344054,0.0
27.082024627620708,25.13705497048534,37.62942442150171,39.09356510496717,45.36873612614761,3.182443591918539,33.05244955822864,27.77815984972888,0.0
26.975037545940197,26.736429383180358,31.501454689589586,23.26684766625048,27.766436911167922,13.607708394807474,37.85377608924098,35.18489196217466,0.0
26.87395637331143,27.980058165618917,45.62995287442797,38.21592665954532,39.51104705924799,2.295941891041158,36.9227994954366,41.947469799841926,22.5336
29.270262068157,26.098264132713865,26.337750288618395,45.66584521793608,43.53654704134864,17.32485282624545,40.887535760526575,31.57662831610379,0.0
25.95374058419327,28.440566436614404,28.00470907484352,32.55936237990314,38.33670171836417,14.09769337255555,45.153084274373846,40.79981274938985,0.0
32.136279925784976,32.139484826166836,32.410107541225024,34.01795237715753,23.872656292303127,5.190572886385389,30.55150140574224,30.535030772800898,0.0023
28.293699014389478,25.60062747001621,32.08250456067645,33.10827281266081,35.58889233581475,4.072201404837025,33.73795683232466,34.62541216596377,16.8892
24.00788158456939,25.306481317932924,45.57676557848197,34.29102077756342,32.49285396030448,16.54317180068891,37.75542266150694,38.58933563361342,24.5373
31.0724636479804,26.4485186422054,41.75039379120222,31.591106143484218,38.35673050423842,2.62587422850243,41.08311876839872,41.41967033927217,16.4942
31.33348921312524,27.473729386033234,43.35653696657394,39.22137841506006,38.60742607044992,4.11137810060363,39.694739229724426,39.25258705590106,0.0
31.141981153138257,24.66585469543905,43.6430936030076,44.01233098059546,25.553570706576814,7.346589764364292,36.81640177852471,35.57153918184725,0.0
25.90899465161156,26.841979656982268,41.12239804101014,26.24647520939229,23.88562219001015,13.480230405072481,30.46723065132454,39.98013610812569,17.3712
26.22635402727373,30.40199458799372,40.091763900577256,39.55502158221313,43.57343278126859,1.3340335604473426,39.43074445734049,30.71861900889745,0.0
23.62375704120454,26.787102431875567,30.03626300339471,44.40648167660123,42.91300476024364,0.9637572242762927,28.646919059971516,45.45803375110816,22.6726
29.17058157707594,26.646459179610385,26.260470270327403,30.269910836358086,41.814741300140255,4.779499725424662,27.662943485154756,42.808284851539874,19.6498
28.791227400482967,27.578734185014547,28.81429607717756,33.11737548433154,23.834339560954337,13.932408046141203,41.4266211145889,34.01626218567952,0.0
29.779032816496688,25.669645753626405,27.57486092783593,33.35734404831834,43.79283662492976,10.404763193384229,35.02233619091261,29.842118974150676,0.0
26.757549271340768,29.503946397115065,34.18649107906409,26.956613383747285,30.06771390748443,17.00766287966152,45.28830710016357,34.24334356032277,0.0
24.096657450713938,29.1491840240863,28.823529455715775,45.29250543555034,28.964903990427743,13.955395159952149,38.480275403894844,34.75515754536552,0.0
29.14907006685878,30.2032184864074,43.417979745111666,29.738926705727923,38.72055018741655,14.826838396777346,36.73739125317694,42.471612259195474,18.2438
31.731416507381958,25.769777912172938,25.580607259247117,45.67809129562336,40.18155063501358,15.544518114753615,30.44777131796372,43.369132306774375,22.1195
26.106438514846147,25.459130471108487,25.75517582868876,39.39789250720841,45.3167950900301,15.110565850397636,31.40621540679254,39.13310356158622,19.6377
26.093138742338656,23.246990855782364,39.35361500600063,31.257847234213465,32.090602874616806,2.607446286313247,40.8417585322761,31.310864165603377,0.0
29.850621306615267,24.836062315934992,41.724740525037966,30.7134314952835,28.80284558978437,1.847844783737463,29.99161872698236,42.80201855797889,15.7703
23.261114398419696,27.288851637473584,35.30341333517315,23.32710092346885,43.37791191965377,22.935025083735127,41.9500660998667,36.46375535729402,0.0
23.549886501374324,31.201004732765245,41.59165021565042,23.237024920544606,43.308071104643986,17.19355992913446,30.2777569418292,29.709742185902414,1.6376
29.737641408587496,32.063422563741156,40.45971015365525,41.0074948107137,31.449963227191613,7.925845504664839,33.54913127521464,31.50094635439357,0.0
26.949133733329504,28.510804525141964,36.03679782398058,34.17894879979688,24.532229696759615,2.167975574818942,41.9303114767506,42.10107435996831,17.1732
24.13067126501208,28.356271205159185,36.12949455060182,24.55429731142939,29.678016693752667,3.4831404001570547,27.840207270764733,36.5696370054939,21.8686
30.100296939939753,24.443904134227097,41.313099654060416,40.160393860803964,39.974565044830065,10.465154867782894,44.9472194589627,43.56504148608563,0.0
27.198527658271416,31.4912687637207,32.33599933181533,23.195522281079793,37.23687190476503,17.696707165659966,31.022517674759772,41.40827455931538,20.1118
23.856392462565292,28.621353883323987,25.19121437476654,43.455013650710235,34.863875665353,10.833467044139118,28.89209034797334,28.463279945216737,0.0
27.64716825747763,24.651060534259262,24.723833584736983,28.908644581790632,40.396203044373195,0.42074381330464045,29.968807171505382,34.29252791930978,17.6424
24.61170980330852,25.72327683406046,30.072841496025468,34.74713656761467,38.256662361042515,3.161642009760939,28.16559177660958,36.77748201316784,21.3795
24.71753128460534,31.703008766640615,27.374647061406257,42.849229981985104,31.563871261103113,17.11906336881574,28.281781096862318,44.832375985225696,21.544
29.38197468435723,25.73694003334089,38.710839828824504,27.336825250268838,32.99331716374171,9.832900764227226,39.55736043982259,30.320964972713785,0.0
25.655294052408006,25.826256196890284,24.596739947367347,25.448698710264654,29.67022440999379,6.533492716224126,37.801774298983766,36.51813265146376,0.0
29.003574321769754,23.263814953695714,34.154032060963665,41.192622833824366,46.003559644505245,9.092034509921344,32.076503839668526,31.304006009056337,0.0
24.46864966294744,23.218428842729445,37.039324172779565,27.032196727687396,45.292489746756104,5.341301917048125,45.02206837619208,41.37402408541402,0.0
27.09025717036135,24.20079264719698,25.437943827717454,31.4229490678246,37.42869907320798,9.961174914704458,32.68478932913766,35.46744227203402,18.1873
31.280563314978817,28.414661641447008,36.817800313297006,42.57291128535246,39.73672357723851,3.4703567232865096,45.85670897062347,35.792599127550815,0.0
25.82795399302257,25.966845284579243,42.046261498247404,29.25494595544473,41.75195436330701,18.912903840117444,28.236819670819344,30.66346703321576,21.3502
25.306561271225974,30.449302478380684,29.947717663818707,26.766495121040276,28.049674099949286,6.011000781242269,31.08701801294034,39.62735255136346,20.3575
25.78407743368978,28.489802107512254,27.843841318987582,25.034696322356638,34.618020946859346,7.322316408419698,27.78534525293921,43.29759187924909,22.2657
28.85039725661118,23.45332205056575,29.41031239073757,34.91720998583413,41.87082541900064,0.8552061770238131,38.74203009387603,31.498383923878375,0.0
29.8730507028914,25.443530384270037,32.699053320328325,38.94691350308408,30.28011029660049,18.54219597039243,34.987545587564,30.647431084504273,0.0
24.42369031501222,23.8251564597123,30.227534137924984,32.22810078224639,40.03787309545778,22.574970511566207,32.64969407395591,39.69824891482389,21.8133
23.567765755675925,24.190574708105792,30.753481507614975,27.55521297737561,40.593369098428376,18.480517390293652,39.851154174299865,35.54290955474849,0.0004
28.251879122241196,24.093483737684245,44.25958356572856,30.458667180643314,23.111471581955886,12.14033302426259,45.668922110705026,40.60798359226673,0.0
23.517594765249047,25.853446432952882,37.12193103523029,45.33315704738827,41.38143426399719,10.801983847689781,33.15184118259987,42.175583198809164,22.9247
24.07994027674646,23.300816989490503,39.25915112627243,37.15205602308263,45.36262946971686,2.640158132893185,41.85602419286823,42.203643058324566,22.2261
23.903921079694236,26.78731115753235,36.419413015059064,45.93215477977112,36.31858908516294,7.135749191746413,42.20605598597307,40.99644635315682,0.0
31.249014844807547,24.344339378671826,33.95686213461389,23.55197488690649,35.51420489330395,4.550613357202591,39.854091436069325,41.84429258266254,17.4779
24.78158948821065,31.85844553519133,31.906866619768557,40.8961955956277,27.218904848270803,20.18895820502852,33.247960645913054,39.56948177737962,20.0148
24.81283421697325,26.68675516914485,37.54233748010478,37.01167633282997,38.39426093806277,13.768490834740508,30.49740571705523,44.76647338087102,23.8593
25.77158571137766,26.20174137380973,25.924274216252684,26.578285639433513,31.10731212773203,8.041769139656472,36.35528141127226,33.43066923792517,0.0002
29.448131421178047,23.536263494476543,40.21556683743576,45.66081331260152,35.554158357127996,20.048373468314253,29.811430941410336,37.573121429224535,20.2791
31.999139062570855,25.957137988754777,44.27640869908192,34.586605358608224,29.734916911462136,13.687635939632026,45.46881663064477,31.090187420352937,0.0
24.003614279519145,27.806084592068963,42.28970891475973,39.53907200519569,33.35765365092352,10.150766675092958,27.95885165682996,30.947938558392686,22.759
27.843529505099152,31.93470796696765,25.83819106579097,31.033849231465844,25.18829941151185,21.912141985425954,36.56390375364426,34.148422969290515,0.0
27.305594610275087,28.071110393881302,39.66103349638106,34.257226176958966,34.350173625257,2.3713749281419427,34.651500591061875,40.3223632714171,17.9587
31.98804763804408,25.374422658054076,24.482664679975812,29.06122589391914,35.917336154672526,9.151138114303047,43.73114516479455,38.18242858416218,0.0
28.11731410912655,27.28949104315712,30.155647273189736,25.510923025376847,30.170547780234003,13.546309141673616,39.66962903868018,35.91666419357102,0.0
25.674867046905085,25.280745632980455,32.90561792030165,26.536976475580474,39.24936007105334,11.623820916032095,45.57332351526321,41.70490103001516,0.0
23.17870567323648,26.960140934228296,30.16726981697596,30.936526540983397,43.408279696909105,2.8817922294479486,43.977164176268715,36.430909172452075,0.0
31.49662256793036,27.14427613660763,29.244875998909492,26.560227454841886,35.06621727195228,10.508464769893898,39.984788239216,43.470152832088544,18.4765
27.866372774703372,32.1576634200418,27.72282547424262,42.05846090337834,30.290814907120286,14.305424670667918,31.972296737369078,28.911173566547028,0.0
30.854945430349062,24.733527093914304,25.14244558570817,34.60478628255909,45.94558265486791,16.951579406833588,37.015797220224044,32.86683224967085,0.0
27.316133412661795,28.658477629717776,23.259600841033812,44.01223600127136,27.48822730627203,5.45071879916456,39.794214340790596,44.153246285530166,19.6525
24.19621212861982,28.568623692858324,28.93705577914265,29.336571486003287,42.79984724399402,4.703799029744834,45.64630545629819,44.232140871757956,0.0
28.090639139669438,29.67915708922852,29.421804086149844,44.32084383952032,26.894179728308938,11.690632253656533,42.91202688344647,32.174583190150976,0.0
31.660223799056304,26.19120588322281,24.512479806093413,35.626662627735946,38.112543215492536,9.016709683418028,33.43869975377827,38.45359394107477,15.5869
28.90722862641326,26.56304511605374,23.291700370768428,39.94873806464121,41.78385142591497,4.413711278275962,44.20960978039771,45.43285614655093,20.5338
26.557713364251235,31.92835630204075,25.342643738441915,34.58877279944782,30.990447651514863,16.378263618542054,43.12231309746406,40.29519835099092,0.0
23.997204578303993,28.12456035129506,44.47351915098862,40.71071143289348,27.764478373591626,15.433209560424025,30.70301712582718,46.03498807692902,22.955
24.723949071482338,23.2746643100218,28.78133606785088,37.58115125027419,25.380397592466203,18.919470365657396,45.89217858078568,43.67080267678254,0.0
30.346984905265934,23.26791532340978,38.42026514572058,25.765746704543247,28.635329360260343,19.31543339401649,28.715227545592825,32.917289490839785,15.865
27.086883195006997,24.743137668286913,44.0944119819963,41.53765670096395,30.11033051110667,17.87052682472507,37.24420466845029,33.516536466567565,0.0
27.347417989798615,27.586641034110613,32.32467397704606,30.056714253535183,39.51324197467707,6.338159731520193,29.474951663817542,29.11698217880111,0.1008
25.959214134771198,27.59957786293376,34.16124708232025,35.1802808964448,23.134480528471144,10.290537978515264,44.73782918300422,28.179341711090604,0.0
28.44150160640456,30.147155431466707,33.871635624501444,40.2110751906842,37.18952839081225,21.616054727983293,32.19629710829094,32.9542664170817,20.0479
27.36168944416292,29.55147834381053,31.395610370250754,31.96171643413406,42.51853540575037,5.377553520590246,39.64841397878667,44.49921374305789,21.9376
28.124312325776522,25.81740309409074,34.56081921517529,38.61057089365403,41.950134042329616,20.026169930223492,40.38500316638465,33.69950023449685,0.0
28.40172277297608,26.273470540302036,25.96411546968503,31.5029467864952,25.360980629782116,1.182259703894725,43.88049035685737,35.042788453108436,0.0
32.161387914489545,24.51803610079916,29.533307890900723,39.704332587731656,45.65267513522613,6.278574793526035,42.144993385122596,38.478141068827185,0.0
24.526056654232562,27.604810945652286,41.627920817150105,24.81871081970015,39.488723515978194,0.8568582614658383,30.663727737748015,36.47372232271349,21.9814
23.597799118056596,32.21237921006821,34.23322267390723,43.62303990609119,26.134145287616384,6.472236843236765,27.71096097467674,32.79837571934416,17.9637
32.1415942798215,28.111382722382345,42.72841104157982,25.927771724918237,35.51356300393139,20.949891695805515,36.31399520067953,42.95479684974235,12.2817
23.53182514164683,25.339767866812224,44.1421179816762,30.77657001544817,23.307278947913343,13.87962793846518,28.248161630391813,40.00754490228108,20.8395
27.510311433183773,25.9075513959075,31.27915780275488,43.05288598645524,28.785805799053737,0.6382437530679804,35.04646587308464,36.5858875963572,21.1774
31.562048253565713,31.74593541631488,24.8916970846845,38.20114994458096,30.07657278729845,22.49240440599489,30.78880842386956,29.185453512890444,0.0
24.503671749932973,29.018782150636625,31.45215137784046,34.74402839750924,38.33219688184588,1.7923922217726322,33.797610230128576,45.56891556523136,24.559
28.334855201331475,28.616105094966393,25.99083760156324,28.297788004182976,31.225451237268814,12.416429033562254,40.775060173292594,38.67931732395504,0.0
24.456297610634206,24.276621987591128,33.184964286078724,25.50236298225126,29.77299324301256,4.575629848355214,40.330391468540135,31.206790896716647,0.0
29.47810024293826,28.12083005966591,25.64098173723512,37.914691662368156,33.262628384873565,11.36056194662359,37.69245865818722,42.078426238610625,18.8749
24.067920732509783,26.48106137613406,32.32783193277228,25.658152913203402,24.17964685546293,1.419280717601083,32.62495569502325,37.15075791151035,19.5456
23.19746462556361,32.18539378470578,41.77900869812007,43.487354093313115,25.848513058099044,3.0719041782311467,35.525228185716095,42.27190177054976,18.5896
30.93393697947279,23.98166376615051,24.55144256405036,30.9735872386642,38.45070595410495,10.736545427333887,43.79772905078135,27.899571529990634,0.0
27.88916479452552,29.9153690899676,27.66696300590102,26.3720244074245,44.78598679926675,4.223808240530183,30.279855134832086,38.44341821868662,17.9646
25.223941824119265,23.479174038139114,30.086181646808022,39.52631840647779,30.462496128366375,20.372461388032416,37.60548101244855,44.98626357625116,21.0569
31.77442058651359,31.521819135184327,45.75509032142574,34.97996643159902,44.70521048776945,2.8635996592332003,35.22230331328135,43.943857309521135,18.3892
26.001264717383638,25.555424201110785,45.67857783076633,41.129664826312506,37.2959364316162,9.208363101243517,31.538545758617882,39.23975562053277,23.3174
24.611769603297194,31.18364873300913,34.013445019407285,27.963141488781833,42.51186618479975,16.738919080634933,43.35573014714871,46.00005388695135,24.7064
31.854010757305772,23.405641031393376,41.48454756494472,45.76364396775106,40.847148921745784,8.82433598126345,43.65682625396701,37.90141358826773,0.0
25.25408068619038,26.924384457555032,42.9480160948117,33.4290986895622,27.272085101153102,17.78889857244244,38.625515422839506,40.19093785782146,21.1545
31.975223057863133,31.573411619428846,23.76617322635601,29.309403569167163,34.312486035773226,6.697786196245808,36.55618206939036,42.55886735360866,17.6131
29.427567018600573,28.207606222126916,41.94673721235173,24.61520668101346,35.87590158900294,22.297990004613382,33.603084192001674,28.954134755451786,0.0
31.59815642555917,24.689028629638866,26.95520628883514,32.53661301520301,39.07538703832339,22.026476061794465,43.2834112349478,27.88916391691168,0.0
24.933734802239215,23.296809615930925,30.815862330376245,25.169697148603476,41.392344764826575,3.0335131911033213,44.303361351170345,44.26418786470023,0.0
25.27465035113193,27.39475479004338,40.31313808535084,33.234906615993765,42.876153813475625,6.216303394507374,35.20813974066478,36.16353977532629,20.8641
24.63726644698899,29.572294743788795,32.76588911856214,41.84830115521929,41.439407017347975,6.587897606192845,35.79169461478314,40.80147170881489,21.278
28.912566492087215,25.912405822967003,23.796330201518767,28.620786977254593,25.54775668104004,8.45119195510107,35.92194768497538,31.890172901896833,0.0
31.8916491059406,30.780851407633577,42.070697211304996,26.32540516519406,42.82292198202859,13.866597633566016,32.68052818947624,43.21891605271782,14.3166
27.445008806493945,24.159299326165865,41.48028275152732,30.225843397799984,23.711124495952895,21.491004437818454,39.467185397674044,33.51852393221484,0.0
28.431715637784816,27.546395086204527,29.865865347612537,28.352216296943336,30.39668658423723,18.090601812454906,33.6378832064719,45.15039767867819,21.5698
25.53372840996199,27.62081510394813,45.59616565153206,36.55301820764701,24.083664089170924,7.6604062027703765,39.07315103695252,43.146900365196515,20.5192
24.716795068364423,29.47415123920088,26.296991291006808,41.639240447354986,31.399465911833587,9.210632064687077,44.740159750016375,36.89733329509926,0.0
28.29778919575943,29.792309183325838,45.19183100942454,31.09628415083327,32.07040302549774,22.320397655468792,28.471319774553756,31.673479008981374,21.4689
29.14016563934121,27.30027262876483,29.265934891541296,34.85490358624604,29.257305880997315,6.283259850032461,35.384622952375096,43.097291451256616,19.6177
27.21245881427919,23.098645919112517,38.20083288830783,45.837963891793954,35.42661529452311,1.4347867776440058,32.04827167608644,33.87150307043018,19.5346
30.155328222615413,26.203803358809072,29.22740160125433,33.37390161184972,42.45880173722628,19.793744857811763,33.62720444587816,34.5825468376628,14.3828
31.617365463466697,30.05610637642424,24.84423601933446,38.45531760942742,40.30839281687825,12.492435417353432,29.013610589401768,38.30760474135527,18.4755
31.59975001709949,23.348401008504844,39.13079160128868,39.78573738071911,26.129809993174,10.130428158019994,41.28491781073542,34.271033664789385,0.0
24.955787707209154,23.671327102087513,23.15448772249926,42.236071605264385,43.150535668416566,6.894233934030382,32.282486361426706,34.960350482614665,21.4033
27.3204845772133,30.8971988888918,30.169498806577614,39.166875375157865,41.24898642679179,3.9672800568741255,36.70850314468963,42.29468582023433,19.7643
25.953370367116758,24.624055325206196,27.007323570173178,34.40015781267836,24.745213259513687,14.18362095404846,35.94106522723578,32.90672171343855,0.0002
23.77029274107084,28.48803404566822,39.011686850184034,35.420451269932016,28.65624576217304,21.065569041454136,35.44491959437273,41.97838227177043,22.6121
29.865765883628114,26.543640588068413,30.795892349212135,32.654648759318476,32.18656935367433,14.504443246702271,40.11142084743918,36.548879200477174,0.0
29.31032562383638,31.97848662690763,29.52667154877217,35.203572958600205,40.24717266918199,16.163645271108503,36.39049034952863,43.49418468953793,19.7366
28.94279914271765,24.359413353053405,41.790791511961444,27.189897396155423,43.55961844654688,3.248902553431313,29.524911593683047,30.700118732114557,19.0628
30.662422761212657,30.784087854838315,35.380774620618645,43.753568172097296,29.3016794537723,1.7091790531809419,36.4231914745326,40.551078978609695,20.0142
23.623482385663404,25.83906271669895,31.516650811432008,32.15431361924081,43.479919721171555,14.48271282464203,29.6189470777871,33.455739693990985,22.6041
29.64002147283537,29.773667351314067,36.70618349351177,45.43292757371343,42.785624906921086,15.706909492874367,36.41583914667477,38.36985922051677,22.1418
31.576186381659895,25.11711571970604,36.357392997345485,42.42136571741848,33.31199247349577,2.0789289140289657,29.182962995411742,29.673478876580194,21.186
26.522988144187295,26.555989417575947,38.6699768493628,27.489223842687952,39.035170675633296,15.305437642882914,30.51728581185289,44.50519899251721,22.3962
30.894662784762506,29.22832968445773,33.1743553477399,32.21231265242804,29.423106465884004,19.139096318085716,37.72699690441592,34.44399432391671,0.0
30.931151180744052,25.02562908042877,27.80126135951902,33.16634444193564,32.381041889330675,8.0049047765719,28.613957743602963,34.22845096160529,13.3518
25.269954229728416,32.09289747444022,26.590316251529654,29.190378826457717,42.982389608570685,13.897875149782358,42.301762905453664,32.7851709383918,0.0
30.884804521336353,31.71171735195597,33.99484610661303,40.566784845444396,45.40972658234247,12.338473534213533,39.974942626617235,33.310064958201984,0.0
30.07015712450223,24.516650093274656,28.127330729270366,23.558028089697128,27.353130371900836,12.149813449766757,41.169334746321866,33.41446560568684,0.0
23.2500846072436,25.289570832054324,33.892583583100574,27.167841543329622,30.317525881012177,9.844565876206353,41.573366809408405,30.487351887559992,0.0
30.84421281394531,29.86842599189776,33.75669835285765,35.997756371374464,30.11259606768494,15.135506287920425,30.80908353346981,33.47385030613675,13.9221
31.15222754664616,25.114965903158335,40.842225325799696,42.54283577946901,37.8153369366494,4.5894551274074,30.82367017116552,44.642924314575765,21.4293
26.07863472047511,30.23863674975333,41.56047760016513,43.136883506673115,33.94502065557262,11.246453423277652,27.715583786114692,44.40448136392492,21.6381
31.311133481818132,27.72083915858913,29.712550965963253,42.70821671647531,24.145902514395686,18.009588148155082,30.114374583014847,42.615099016200475,19.0643
26.352149416766117,26.35769221583704,23.795996729498086,30.580842859490105,37.762459408429045,18.883346255718138,42.17358325088208,40.482620636427285,0.0
25.974887249725256,26.942680712022003,36.73089168066779,34.67177230768023,32.192850498240894,9.4392775733578,44.967051489837814,28.639971447619487,0.0
24.606764111086246,24.04356691085894,45.2919667109864,25.24501321113728,30.77122490706212,4.675088360810982,35.68115095468995,41.03243213442396,23.8757
27.4608629399696,29.855193660175146,32.789302935714616,29.60062080088008,27.691348800598213,19.627325743486416,44.264800716414285,44.99750883755449,21.124
29.896759760034783,31.369045834693203,45.165213209687614,39.83085752532905,37.49713690279972,0.7928784406227467,38.39622156507167,39.22868000585717,20.354
27.118760917824556,26.07460042144894,35.81579787612314,38.9920546747295,32.09604290852321,13.064082014510898,43.671264183678616,39.80763094406742,0.0
23.15819513676414,30.953369444371774,32.00164347103088,31.724976308789476,44.430612941503085,4.853656016279576,38.56504394059259,39.65076005221273,23.2887
26.40540224049223,24.251185939210632,23.390080473852972,36.74603541083127,39.421528178771496,4.3505562512525495,33.28460091809788,44.51558024744859,21.8108
29.34070480141,28.088564730080147,24.406485318698223,27.855032265714694,34.932897453088,18.26385752642297,40.768281584759606,42.22122018738086,18.9465
24.9552482672498,31.269585486268973,37.90833915966475,29.031009073857923,33.17493046162592,13.426453855516092,31.88700670853991,40.24002578428646,21.2052
25.48823261489837,25.293219999263577,29.870509196283706,44.736831102553836,40.45492719299513,17.419504149898028,44.071051989683305,31.68271792979257,0.0
25.58418701044811,26.48701772356889,37.64967383368173,41.86705840289358,26.70876250169229,3.0870924433326805,44.7869993915204,28.75562319084853,0.0
27.998915745506103,27.315314416145362,38.15457871064146,25.931769386293748,35.91170645632518,10.168310676027648,39.457235524802,42.705644961386604,20.1402
24.896452810604043,27.583388148396914,38.409783504295945,41.02283677779356,27.626619220871863,9.97199310386101,29.619409500545405,31.58352627418667,20.1368
23.765810550632665,31.43135306082892,38.86490193110171,29.521054559224478,31.812886525524878,20.406346662992508,34.68441823513774,29.307453212345205,0.1282
31.599135823679973,29.358556366079863,44.751707114509415,23.979634064981944,30.56274420054055,19.57821221067877,34.551962134224546,28.022767594609366,0.0
25.01178133740016,24.876493861523528,26.64223932084316,45.23351856691965,43.17848126394099,22.187484093505176,28.412373757102916,27.731567690175048,0.0
27.695943728927702,25.390862174741965,29.05176721503969,30.522305293599057,28.911985163748096,0.34845096299178535,31.91363066989497,31.894257874762488,0.0838
26.551670863006045,30.358151032908236,28.394961993405406,24.691246347023032,44.13011372835439,3.2617536624424717,31.702614921090102,35.334675965928554,18.8678
29.21040396388348,27.4311489952571,41.92566792076657,41.69648871397697,33.593795430955225,21.966996307745386,37.303769922731604,43.58835083936105,19.3829
26.562968737996464,32.0094545564053,29.380068003758574,42.140459027587944,29.876946633613365,22.014401508473536,36.928559441918416,38.62052465642004,21.033
30.41423164297597,32.03786995326967,27.15653860977212,25.597542307953674,43.671666711701505,2.7353525167944848,32.85915022568812,27.792361646098392,0.0
23.45287743270037,30.254934714607845,25.01215042345066,30.2527989022473,32.75739586203046,7.801700814742213,31.98127207947835,30.91911999476347,0.9446
31.51792971298553,26.35560203442269,30.729391025492248,26.901250951761885,43.3545515471554,0.9670888122044875,39.727378613001676,37.8460594309439,0.0
31.23586677702249,32.14340253902177,31.299957960816275,25.783125647621087,29.360258950886486,10.63156538265558,27.64332816002075,32.36490137839582,13.806
25.271059366732196,29.680443149181425,36.202948192776525,45.44031505306743,42.34385786873382,1.6508838779205568,33.59595243680709,33.807847099546144,21.9927
29.25045074783131,27.190789891812624,35.631438828782095,36.39589802555059,32.894991151529055,2.3890654174262003,41.232511487748305,31.57128006355186,0.0
23.833977656329175,28.301657807799334,38.740917930245324,25.319229859423018,23.816620300990962,20.65338715010397,38.42840419081256,39.58817094204838,19.5506
23.129036958914398,26.49510496592403,40.63881083890787,32.792658110097086,33.85893654165064,11.13518551183367,34.36540472939926,40.62910907737785,23.1085
31.498994764016942,30.139705077131353,29.02740105359577,40.910550366186385,31.02147794170398,6.944918874388033,43.55217304649708,40.19449812811886,0.0
26.14530464728017,25.998146126875348,38.82241982575994,26.45230018611052,31.655722243597268,2.595191208980382,34.986247933958246,42.957686454540976,21.5294
32.23302627827927,28.76725335205091,42.38735947285569,33.89506303736581,40.50323019149829,14.04661147855502,34.657742604880006,32.703461163060766,0.0
26.830000930773195,27.8714767942571,30.950184585146612,34.21920835689565,25.697427190706883,6.0393033712109485,39.96898596017339,29.40344307414837,0.0
23.3983500834455,30.688706097642864,41.052926702352835,31.398934457147874,29.753169256543117,1.0692661607357297,31.862174565506244,33.39339257825195,22.7529
28.8081879560168,24.744362855503162,42.8644512105341,45.95735177793172,40.33956007538842,16.53011192683416,42.04569294491147,33.63404293469317,0.0
23.126391963452456,27.134401256144145,31.14035874379407,35.243289580665,42.41037614658493,5.072075415218576,39.88833994771608,31.73764309792314,0.0015
30.375701645234418,23.384557673269406,39.552388117700396,39.28454951077463,39.06321921747529,3.640926114065754,38.87350840171158,36.77352521162716,0.0
30.78472126611682,28.61523978749276,45.388596974502235,32.09175155355102,26.661881668378605,9.577070399478004,35.466292929533594,38.83811000304272,18.9003
23.487266198724285,29.470605288836182,36.51517978029253,43.9919478046287,43.56936779871073,13.04531646977499,28.701261657263682,37.71034955589924,22.4473
27.45997555507618,25.793259502531125,44.629719206605635,43.43436843121208,34.96595116677907,4.448586623249298,33.74177007111264,36.10398714674189,21.4587
31.559348797078755,26.568017804807624,23.907752494453092,24.050141260042203,44.50403892197616,12.707699636003447,31.26960030516445,44.66913969029157,19.2706
30.51336833057158,28.203317460591773,29.309573522203504,34.89353697595177,23.117060415632523,6.816820904061981,37.40722467834109,42.51554891490863,15.1512
28.688018134437137,30.12877062132138,24.35079203531291,41.5047809480055,30.909232379184374,16.116535616839787,38.69545880981749,34.34962149734113,0.0
23.411855476868578,26.844128997690856,23.61047279969388,37.471306010766895,25.264759392639952,5.362969992952859,31.72056358661014,33.01341574537682,20.8783
26.33883658246443,23.299944058264277,40.799139459527396,34.1661760768977,42.975176958826296,10.207739524550677,36.22590557132321,36.08272622304814,0.0023
29.00090584544408,30.723896156667415,25.082003388547477,30.49826891298128,33.56353243033338,8.852564513056873,33.41361345528086,32.96763216531854,0.0
31.832605305828416,32.174305162156614,40.792564191039496,28.544771437719298,38.77486064109585,12.9085972748672,45.309259521724485,45.839524627597584,18.6744
29.5547322696997,26.35295851217861,27.51389806842621,34.75720349877994,39.46542037658694,15.38699052175623,37.06415540385577,33.00520825729214,0.0
24.743226935120635,30.141465451011896,25.385811766383675,39.79664944804636,29.824211314320983,19.685451345654275,45.01303917297321,31.389038370758485,0.0
26.64925080681037,27.33993777746167,31.067735313976684,41.37422606133896,35.85863113000798,18.26660319601848,33.54185099263902,36.03399233536574,20.8973
24.174322929732543,23.341743315310907,29.77237147496816,41.2172967490869,24.728538711277473,3.6358972321916125,36.645868078667455,33.93925421936413,0.0
24.242399795260468,30.33729825155355,26.124813066461673,26.04299349706361,39.79264084106088,22.492734272111832,41.03751573623629,35.96898727634367,0.0
31.060773153770576,24.92985980373944,42.100638608291604,44.150949635119424,43.17940821903782,0.5263265655203263,32.23290785200029,36.407697083108864,22.176
23.477252873968432,27.01087728422718,40.21753125212598,26.98753658643537,36.05467189653602,7.436568639529594,36.601976295410125,35.31555668235782,0.0578
31.572785060865208,31.010896628432597,29.16464111881969,45.80543567558311,35.27050091301296,14.660796059917098,45.77967684398573,43.88991552298862,0.0
24.349859181510396,27.079578141167318,24.20680584215587,45.45053487985603,30.710344024218944,19.86625612253679,31.16444416096495,32.284328934458124,18.3646
25.135650653481566,31.797311977229555,24.923276362975336,23.43575552652889,40.26593247877511,13.112601774807311,38.785103342912265,40.89375732902818,21.3771
30.375732449199045,29.483338765254867,28.655378349573482,25.337832292649292,29.788493378744583,14.696908197748431,40.67125490894561,37.51265220898425,0.0
27.014389209400456,26.82427525368735,41.36951053801888,38.98066115560037,30.91855936596649,1.9978666267308272,40.88692554172918,36.85722792835648,0.0
28.540237688259875,28.36712852715471,24.494641165875894,44.083939872951824,29.10105502658915,0.2954159713088415,38.45445769577023,28.85972636764396,0.0
29.231786137066408,31.240908509636874,43.32042878408586,27.628856222930313,44.47472736336688,13.828812142687799,36.124232298995516,30.723477084989845,0.0
29.61300743736302,27.990653725945428,26.22632071342967,40.181166726691956,33.01547995033139,0.6751693317680204,41.076077035987836,42.58823988268619,20.2739
30.417086957663575,29.900692418585088,35.084193472151036,28.973907115436567,39.60201235706473,6.930431682224031,29.565542683955393,43.2515453532542,19.0533
27.042234294202505,29.004753953462266,45.310475076032404,24.662609618311595,28.615972576272167,17.475086470033776,45.864244594367534,42.40523825400417,0.0
24.27071416354836,24.9907329467998,25.763736762592632,25.32251642993089,31.952608232107664,0.3744741884871756,44.02060706128811,43.94244420688876,0.0
29.579527209911724,28.790882460835498,44.23949206806995,24.46950669562073,45.71981039722575,1.1312326930745789,40.892282387920375,36.08793376853824,0.0
24.574313994485717,26.654125298622994,42.43211219782538,30.721262233575402,28.428199150755486,13.06770005216905,32.076861478777396,31.13545076062889,0.3437
29.922701055944877,28.08013505027047,40.7294451773638,44.09975744439945,23.364184812972493,2.726815287390533,42.88811055274037,29.45176403818608,0.0
24.6598449471478,27.357577842292816,31.3552546957616,32.618321387436644,42.130400032075904,3.015108612747307,31.07083897570252,30.787034970944685,0.7788
29.240091872265168,24.099109106775625,29.16320150643656,23.951942009271903,43.14438525254297,0.9221815478802452,30.045257629371644,38.5375773886468,16.9323
23.298679168456946,30.95440175204403,25.320269901476454,33.681453127553674,36.69063269718861,2.461707279976979,43.5373748790816,27.78739583755622,0.0
23.54354300841854,27.798541100030604,25.001084814302054,36.906559779661535,34.753415935175134,3.62358758073412,43.615757168570575,45.577472798044894,25.0379
23.855057091319452,25.652156661531144,26.75723923033349,42.641606805932156,38.79196425321976,21.614888705512882,43.43847545090785,32.77015752759411,0.0
27.674986818073148,32.07639760010956,37.81455000493403,32.50724075740595,32.16892975230704,10.965989068798585,30.719853736827684,30.891839300848584,18.6503
31.99316897729316,26.586164823652766,38.092635070334545,40.512262921618714,28.955197142565588,21.19548635877569,34.878907513177175,34.60743923582313,0.0
27.939616279786055,25.529449699636547,38.36871882633547,42.957886177208636,28.135373201923773,7.209109428445775,41.2154052940368,32.9309667829053,0.0
26.176093165152054,28.16888854499182,36.91787719779297,43.7283763675875,36.538514543002755,5.354581445540573,30.801654400297483,44.21849500093749,22.0165
24.863827202338406,26.165181272313994,24.171335753204563,28.026342469071242,41.490558567365916,8.778179438724143,38.34768537581535,45.499306030866734,24.2571
24.300371729934987,28.645561367518575,28.258461174845646,23.82433802532661,45.40770970338403,5.790970694408416,31.1612281561218,34.26943319151482,21.745
23.550090732083362,25.932629152888946,24.246726216228254,36.74357438514946,41.630317347836424,1.0844105257608132,31.3818638937727,34.32531708728985,22.6712
31.701467944819363,31.13759228922229,39.525354975770846,33.97401896852067,43.6655733841617,14.577264970774195,36.32314639035122,38.41755792004668,14.2384
29.264690916756656,31.564988777443425,30.42065471929788,41.98445024484417,29.663839807959448,3.6679979952743436,28.339172973890502,34.395984010337074,20.9792
28.264093694650988,31.498396469826808,23.902241857223622,39.290743151746845,44.451475020532584,5.120324162118547,41.378083703901844,42.8368414854674,19.841
24.16286063260054,23.44432027869252,32.09785430259593,37.577478030373754,41.284755412845136,13.974489973457992,37.60978036698114,42.029134534639695,22.2693
31.821905022278422,23.465578329466307,39.5013680600962,45.646097731635905,26.752194729581372,3.795620544963146,33.08230060461034,32.50710630429325,0.0
23.76368040732764,25.681112287418067,23.131417714851572,34.67790640028554,29.089504984659378,21.97499583754297,38.18824297098638,29.865529623652037,0.0043
26.020571873150192,29.413596926863534,44.60493468727592,43.21925789927893,39.77842405872754,14.868264609378546,33.22946554217609,27.845562240057113,0.0647
31.783372527385353,29.290837063040257,34.57696729290239,23.065438549970466,31.080630217580822,0.15019794578872048,40.66778171863984,32.74204609747421,0.0
30.723094911245884,25.892622731681573,29.811895509308407,40.830791366888754,44.027198608146634,22.849214070239476,36.99696079569328,30.311656872528282,0.0
29.714752821558193,31.731970096839568,24.974461269028478,44.29563678764785,34.18113957891784,7.102733778294819,31.96182765733206,40.712457101424434,20.5559
31.43687684137226,31.44194898078381,36.28857098719291,30.721040948425287,38.688197936130784,8.06823016287341,45.65772105426723,29.076586923962495,0.0
24.53581562196637,30.705852352978813,33.89467585649034,26.402342401170685,32.733514544793124,12.220215716141057,44.44667016185161,40.56529659402583,0.0
26.56928644466169,23.064701470495258,28.101031662269328,36.6481980795749,35.531036202243804,12.446697019263988,31.03347768428644,37.15232419971101,18.8279
23.995183855959045,23.377002556403173,32.98471387303071,31.175265784327877,41.0138365434478,8.535871866428966,44.751269024057954,41.8305772931508,0.0
24.602866492525386,30.534774229932665,37.87040248440477,43.39936742028341,35.306142589785914,10.692198189271364,34.59680860830244,32.54613273859703,0.0
24.16521439927469,23.53404264933073,35.835010947488584,36.23550976401533,36.15109016295489,2.7568095547391738,33.0618499751409,35.126005448460155,21.9174
24.567903303420874,23.29857006702932,42.49702073429557,38.62765899646706,31.581102061444785,0.8619909797121291,42.54928749770659,28.677450571263755,0.0
28.30976269702829,25.32939137262648,24.53298041310567,29.1174701432652,29.040968154342103,0.2904639051394214,36.57433670531664,36.35306930554299,0.0
24.37280135245787,27.83557258557818,23.50548088891178,37.54494852112173,38.001734146700734,16.38926676150678,32.14933564614202,33.282624756566975,21.3403
26.28208456572547,29.8237477349734,30.541934638363934,39.38437784027707,39.357571558367106,15.722433177706415,31.91610465206356,37.55385108489491,19.5094
28.61789028905375,31.67735352177043,40.845070591789124,23.426317015521015,35.79025927800177,10.217322651998902,28.806588583930168,29.637501593068674,18.7347
26.427358949581947,30.931789975594825,41.04584792579587,34.91242624677464,38.25173918797901,14.645513933038458,31.7800055092672,35.98381198944766,20.2282
24.742583664215427,26.883173548504672,25.91322718437657,40.88476933841205,38.22923214876022,2.149890659014243,44.22953145361715,42.388306399508195,0.0
27.417286356936092,29.315814940469473,24.054682624586686,34.19636353232693,32.77888879841423,2.7424753365900365,34.800005687740615,34.931673752165054,18.1771
30.404196690341003,24.06500663735552,43.402958010485605,23.144873597291486,34.256156639785424,16.804776945460336,43.72121028336703,38.277034435329504,0.0
24.8566207098423,25.234546280975895,25.743898709008867,25.13270051431585,34.932304465135786,11.52267203389075,34.4182740341125,34.53711378642296,21.0429
31.419572701682053,29.997325571592853,30.916059012498906,27.86209910043584,29.92404433088395,5.1875165823270315,42.58732791363535,37.88690995431591,0.0
28.178268523039463,26.48035088350621,28.77569351234106,25.113015002885653,37.491257232908204,9.401422796822123,33.75487260939579,33.42732340853135,0.0005
25.993894170684396,28.84668793301759,39.89624281086394,44.050711851837754,37.920933395899056,7.1971606496803515,32.52104442713649,32.73987077734133,22.1583
31.175216957563315,23.642338637700355,24.318287103062765,40.663871485620945,34.19646189405622,19.654626778954956,36.47585413231721,32.431021399189284,0.0
27.596647632564235,31.400952167730665,26.89292292852197,45.330239334069276,30.643101836409016,22.501290337054417,40.9533322557216,29.872961751289036,0.0
27.694328349324454,24.67813080989431,41.257654198703285,27.378016518370117,23.985808253536298,7.452613472784911,36.485747103509574,35.10273972358253,0.0
26.310312713313404,25.060615977026046,31.15736200918262,33.01622525560324,32.968828181451414,21.100502726489193,33.56047839200772,36.28465534017751,19.1849
23.54823256170572,26.2982583269646,25.072082219570824,24.220756707034777,26.582842656275282,13.358032564503578,29.416256146517398,34.70904486884532,21.6039
31.992260229189526,31.305347846179135,27.80369561006854,44.232491738838725,26.0735863175436,10.413618573042921,29.000585907615907,31.075172112098095,16.8871
28.443798669481197,25.848725202890527,29.97433578110557,27.747268875032603,45.17380829699583,4.121050464635413,31.656948951761038,29.664373209846225,0.0012
28.57545280402809,26.42643853390908,44.87613125825827,42.519818962008955,34.121266764735445,21.339514078257366,42.1600506169317,29.074136121899297,0.0
25.59379433013567,29.566954915821917,33.41477830188083,37.756179471540634,42.887238488628114,3.175466217784377,41.82157165021131,33.10176116672999,0.0
28.4443148935895,24.75707845156647,32.253153305539925,37.10518704976967,41.823811909420506,22.167467143344624,41.509559451832786,42.50792039768531,18.6721
29.58301367715249,23.646704501273263,36.45179871540961,44.81637929718414,35.80769285142422,9.526173339412082,40.1132978197033,33.007362414600664,0.0
30.454328590504176,30.483948119299317,35.17996901520506,28.565081411241337,44.97171982182243,20.11618378441887,36.34908628368351,37.345343342663455,14.6516
31.885778984976575,28.734524012638307,36.10904934477813,41.468600543766314,37.79249416250998,3.805958150370204,41.589168536776135,37.69730371313871,0.0
32.15515035796007,25.38396632623104,33.87957616781822,38.18036229653488,29.0589485222787,18.081711926731124,29.921525601231792,35.763207548912504,17.7882
30.598002038030444,26.381676088676706,44.38966673359276,43.47724654113752,23.258138309650295,22.91694024593559,35.09478950428076,27.78362593739967,0.1004
24.800536380590838,27.778060303068326,45.85114135470502,29.863047193983796,32.46376776573431,14.116928910004493,38.6551871863619,37.08985029275326,0.0
30.880887479793415,25.61447471332496,45.623742485589275,34.9128254614201,40.14269643520669,10.989874940397277,35.7264362923786,41.11121306326781,19.9047
23.47307254526969,23.128234136392262,38.45220708521015,40.14441783974685,46.049143811671755,20.997817110051873,30.267932437580164,45.64320505350568,23.4528
26.322202524796026,31.244658261085018,38.07091053014047,24.73294932562529,39.227582876086935,15.750828004329183,29.32827848335357,38.70406450813938,19.2072
32.061217861658385,31.775273582194828,39.19502379929136,35.903753233311754,37.62667351176391,16.427896984024585,28.466172284856825,34.24833148577813,14.8487
31.303208354317967,30.998017530091808,30.703822136726615,26.00558821619757,38.00659598632925,3.206025471633265,41.91371480478417,34.16580839141933,0.0
30.418963996731424,23.3760068113272,37.32448337154799,39.6939618006489,33.6630137206977,0.8545669577871438,40.13094534487958,32.29940822453772,0.0
28.200404466717806,24.333139163159387,39.339941803676076,27.11605552786828,32.90029638119854,11.226319155773902,38.71423840523824,38.52571989834892,0.0
31.132835484852443,28.987732558949826,40.23545314547321,23.701798453141198,44.93246582623141,2.799569050629408,33.06905818013984,36.12092720562607,16.1423
30.655951573976758,29.946389804747938,24.04104276670501,38.05866423270581,42.245836295467726,10.6283021253591,40.75651685094546,32.918944158297805,0.0
32.148775442503926,23.46596087323323,31.729600439821247,42.21874959829359,38.38674305706142,21.888675553245886,32.7554858571772,41.976923568029434,21.322
27.803110121613432,23.575112318256,41.34060566595328,36.819425720347006,35.04716419370106,10.137355718733643,33.96129653568971,45.76048861781615,21.9754
28.845962332168426,31.672206007599762,27.53175630851047,38.24598857682588,23.330275985342084,17.400963883942723,30.16345399876133,40.62119678264182,16.0078
29.07437618012853,31.541846422196667,38.14777975041082,32.703963170067304,31.71888478558168,9.358340795137497,33.85624282840558,31.283390586420055,0.0
25.493049661337672,25.552858812419398,30.625207545625198,26.483599604082436,42.99107413727238,1.6487242988773438,34.56862558918253,37.05692554703609,20.2674
25.990064364710644,28.248824936571587,32.735994013463895,23.272044849762736,25.875830013893808,22.92299706669638,36.39261302626185,29.315033273781513,0.0
31.005847301806,23.35298072768456,38.271017521851874,31.41127414267588,33.396489255134924,13.265330940307505,34.115417725400995,38.14479869855561,13.2958
29.558154345400432,23.74302105132049,32.41911789478051,42.420130120380335,34.42367546251168,12.018439050298037,40.2014992126464,41.65129955881212,21.4144
26.721913609914534,28.568014615100132,30.684083240292797,29.69408899190162,40.502781466015676,10.212482556788414,39.104857774377024,35.12739803660003,0.0
30.455977187929257,30.94874571310877,38.26661348779046,40.234145838953104,30.130939343691573,16.905698950614468,32.49328184746929,40.291715008622965,19.9319
23.276151941300554,25.362686881529633,28.999828041611465,37.18207630752012,33.470587853438914,7.364757834435066,40.93087641799254,43.00517752390948,23.7713
31.302560260700286,24.666129019938907,33.886419778632856,39.90724476300124,27.220323326065397,7.158456066746092,38.51722468940723,37.064696411950706,0.0
27.365718902678783,26.877127833679534,32.29026206016782,32.384246548652456,44.08628147617508,9.681795086457713,43.163245194081,34.18171184923234,0.0
23.476844345555477,23.906823870181526,41.478603348945114,35.55133415936312,35.13022465979021,7.313091247532861,29.223538400191206,36.727589871998035,22.8435
28.992738211840393,24.698327792746852,38.713089709479206,40.570640601929064,29.447530491267965,3.349021724767633,29.375614124625493,42.03524021332109,20.2033
24.81151301772044,31.65777266305507,39.17866069734068,23.306961825620025,25.638210844070816,6.383362084042227,41.5792814865114,34.83076410770203,0.0
25.839628186630524,23.17837302302578,28.023040466455576,37.01121750243944,31.92905827954977,14.582968690315774,37.73222814136294,29.33770330566261,0.0
32.12693085188065,31.000824923010757,43.37996257515184,34.95500065215773,23.44589836315244,10.24937050189079,41.05502255044155,35.82208624715581,0.0
23.946605750266034,27.157616837750787,26.272851333964642,23.501461207121928,28.797226504257964,9.15856621118575,30.851466270194777,37.040872168356856,21.9641
29.163543763764046,26.93553618376142,39.303935800415566,46.02042468757334,24.836000999993537,10.17133305111739,41.020350332969684,36.61010366997387,0.0
24.40873455653847,29.264039895809923,24.15752687978953,38.05013631903003,30.724679585601393,8.260642929114939,39.251433371072906,33.590462786645546,0.0
31.666220756604822,26.378645418630175,25.260994138305872,41.70260991897224,42.75015752504295,16.37983133260738,30.08896515633166,38.20311841401572,21.0959
27.87369948617807,23.490728030023284,44.49083290636345,37.83641450795885,34.28816076343226,6.201453843655998,39.97119697710093,28.871417628771464,0.0
27.572086599538082,27.93488307066751,31.024899459062425,43.42136467049144,43.52576976092542,19.50510217768489,31.41067603137217,33.5086192215818,21.8968
29.38412130976375,31.223236650341065,37.05939547977627,25.83840096068163,38.37956895927096,2.887034231413618,35.01912540560636,34.85138911971908,0.0
27.14187486787377,28.828482682249664,27.77908298626219,26.184721389886974,44.36300142444226,4.073582007441412,28.776015350929587,41.60170546229724,20.2612
26.05232816213344,27.223182730445227,39.05012278576251,45.25814111190074,42.51409131892609,20.324397064440923,30.402364475310005,34.42067708483803,22.7008
31.231049682416323,31.50865646661034,28.346440026706336,45.901322230967224,39.317949554149095,1.7741551872212586,33.09535015523124,31.751729037952575,0.0
31.22044087004701,24.3924034681733,23.61181969669511,42.76005256808858,42.54613057707739,18.62571863658601,45.39811111867789,45.975325184970316,21.6025
24.30087052205108,30.271055586859884,40.78780622728832,41.408313350379174,35.33636735325457,8.239659980026506,34.96893995446764,41.536962701200444,20.8291
26.989926007565543,23.30053392816566,39.60470867110908,45.39491449044216,37.04407760298575,19.19356242799205,31.005841519545434,36.868333767954276,21.7772
30.722168677982655,29.10775609477183,31.7787337384218,44.79883936000843,26.73712314461073,3.330721387212732,28.336331632651905,28.56592736494333,16.5851
25.97701167835378,23.275102278248802,33.06382214779687,33.55893310357962,26.503040619957986,21.338154097375895,31.39127227626582,43.18754953635563,20.8397
29.19477219850374,23.096816932758205,25.691784999185348,44.493724199021884,36.18851637192971,18.00255751864903,37.68725222739224,38.505436403271766,22.2672
30.773398355872704,26.465591707868423,25.541519669654367,26.816544504186066,40.72059327560408,7.252884289477604,33.665006576312656,30.140837535981355,0.0
25.12901912886807,28.838365792606776,41.68798955076903,45.40129086656883,24.131320165556534,7.24541059786625,33.71552986082494,36.62903194909791,14.2509
27.230984311883493,23.75093243698865,26.971036351978753,39.73081861647324,29.14473835676624,3.2239437588342787,39.13394545000387,38.650428235416825,0.0
24.422856010776737,30.712920156650622,41.58459231895684,40.788291732691356,33.930173554140715,9.906829710716528,35.516294414109794,43.55670797783673,22.7603
25.792837767785546,27.225303428354486,35.27011650012747,23.715420514276673,23.721608082614438,5.14805692971541,44.81397714428183,42.944149382894,0.0
30.537384643388005,24.106371949400653,24.89609303789152,40.96309591345928,43.69569382019837,11.662198526390714,39.52266064440215,37.12600269515157,0.0
29.109809106687532,31.656775509330128,32.91835841331346,41.90326652034527,40.85145273742876,7.29546166844839,32.784184583277955,45.679313367468424,21.2585
29.970308933763793,23.507071708759447,43.592069872875086,30.999474797860557,34.06101281808115,14.727496250083494,37.96546883617878,36.968885064181556,0.0
24.594895865599035,29.45744534006165,44.921576351865085,29.35317824825066,39.95949711064141,15.759404400827123,43.36735410254108,41.38387519805118,0.0
24.369856384475018,31.53466162075545,23.354333019128394,45.43349665810692,40.46032267234835,1.8788422262980198,33.66132552558849,36.5381785382852,19.5438
27.36200542148653,31.55915022603221,44.785919138017334,27.80801768086447,46.026587133999634,2.845640075729489,43.92288948094024,28.79686449544577,0.0
24.54413579179491,25.849576769671756,35.416397871396484,41.290329443146675,36.428209519204266,10.478285831335468,44.319753998141884,36.32780237617895,0.0
29.005792336718574,25.81714112926529,37.67666367483583,32.58646652486664,26.39973939105479,1.235878309487093,42.279924354408266,41.73772651206914,0.0
26.723730196234655,24.03926179409738,33.338541747384966,33.75294311739654,34.675157831512436,2.9932737023326244,30.34342940365389,42.69154590478718,21.2338
31.301967229002372,31.343776332573217,29.554188200468076,26.2378081308377,38.94511977075291,18.723895156828515,42.01270275862045,27.991874382461436,0.0
28.575650470082522,30.70167368535385,42.22420144450092,38.68542780198893,46.003920597398874,15.944708445508933,29.890400159758038,44.035362950818346,19.0241
24.60991812816392,30.266241082333583,33.922247517186754,43.42255350687496,38.63845062590127,10.764923626563165,30.417865769130188,41.83517037546976,21.9743
27.051102667877238,23.5614255687645,32.0948076327423,43.058774992580126,39.86135312084289,22.794875913457222,32.08188460950638,29.329632826854453,0.0
28.110751116589647,24.17013626582456,38.659464835850244,28.13870898310936,24.94882139944247,5.504673287776175,31.909571356066795,29.77814947269695,0.0016
30.891354576950654,31.951348488282026,31.30817386698866,24.927918903272857,41.0982100596937,20.092875571163944,43.47590672692348,36.504218038274374,0.0
27.30051907149491,26.081311978179787,38.89743721571685,39.91157859162745,28.780786892615758,22.897978579797368,45.524665706441,34.374194195962204,0.0
24.160520203719415,30.633747935830495,33.50761229378264,43.673064671406934,44.00634064351154,17.015827717247966,36.32826952473153,37.94131810644382,22.148
25.75102779889748,26.419668145633,30.404492158571216,29.082154814838503,43.02092863170791,8.152672234497274,33.10213840179534,39.79690006558103,20.4514
29.849928588745865,31.478421747494895,38.710234735674646,38.53743608542713,32.44299508252602,22.775243942617053,33.073982255362374,29.920194291257467,0.0
27.878284999182018,31.077035687144612,38.93138929030307,43.74291662676054,26.71747556879668,21.873259336193826,27.636047268440002,44.980554114030646,18.5723
27.81627644836422,25.329253760613064,40.443395605198546,36.94643093959833,32.22021665453004,3.6290860059812755,35.985080460296025,38.93142833735906,18.3115
29.998683961486666,30.142263896828467,37.849264187792244,29.805430102003903,37.62318358334302,22.764790461705967,32.88221038743354,43.53531677591179,19.407
30.920240799182654,27.869663623203095,25.428859089380595,39.47035454108768,45.04739848662494,17.020599997362844,38.80748231176526,38.34331289379456,0.0
27.152075795722887,27.988473804319177,28.643784822838544,37.204106807090035,43.46497916006978,3.8703953088302607,35.49255318946764,32.24738864152412,0.0
24.93125065067215,32.07487834324169,37.237182726363706,28.81924462334246,33.0777364603727,22.500097586980168,34.650187068559,40.76686895646874,21.4899
28.619240450182424,26.085658954276013,37.352186625284375,29.121372509539125,31.494961458343276,16.059622481132642,45.15915885092975,45.95689165867162,21.5977
24.36626843142811,24.71863251860904,39.962316808346,25.160514005270162,24.845955383197143,12.662205047595476,34.00814460494942,27.999198328883523,0.041
29.332186908872018,27.746514271147092,36.74318647034532,32.97541144546524,44.41424114966,15.622929141249292,37.7543092084475,34.23062829062639,0.0
29.768857660843587,30.07781667780864,39.627926476601154,35.32446597909351,34.46567790952362,6.5366098042703715,41.012575881951115,30.555139104478055,0.0
25.49950252212431,25.34613632420319,31.620810821084753,40.05195536527627,31.439074091638055,12.182091477920407,37.73789140545206,29.082762118865002,0.0
27.938485822692304,23.794507042469697,37.41147816666907,31.292639723140653,38.20836041637548,7.730888604783227,33.059106686385505,44.35526073442224,21.4163
24.594373162883898,23.42899323006274,25.157321397728023,31.770633740938997,30.17497186139842,18.66252971978252,27.9836500315718,33.68530195756158,21.2824
27.402112648313057,24.255823709007082,36.34360666629047,41.62205878101012,24.05516726682942,9.108978224836966,38.27821298728895,32.1054628784497,0.0
24.49146997658364,25.572083172327662,30.139857761336774,25.766136249109366,29.26373390379834,1.7384795592348834,41.239522493990776,30.217296569287196,0.0
28.51345414856874,28.333903887942625,44.43473964009298,31.489735456509603,40.16085386497725,16.77713316060529,43.11228941434873,31.358578935947847,0.0
29.863145838803106,29.777408983484726,32.774342232168145,33.947996415348044,28.181446310705805,0.3293601288688476,36.93585950443103,32.144881003166276,0.0
31.278992645649765,23.90179910468366,42.79326438267583,34.11713551807816,26.196248235488696,8.002757768403573,44.28305002688909,35.90973174417218,0.0
28.29020434376872,26.542873402017687,28.854053192362798,45.307811048243295,32.11877071012042,10.830921505134077,37.87915613128617,38.208407496927066,19.5477
28.777324373516755,30.035404278689242,41.054196900831,29.262322462964875,37.30078544665713,22.254817145712327,37.47620569366693,43.030019320100365,18.5667
27.298583317619944,30.799592771330076,36.07290120285836,31.325333362960727,25.150635618561353,15.680994085871905,40.48752257363477,41.46893035693133,17.7126
29.491611671188387,29.7198717671211,37.54048540686976,29.477677374109486,23.43924301576239,13.709385522281636,30.457468146654943,34.87736894089716,13.0139
31.07022431180674,27.36967796199473,27.780772783413585,35.479496854648986,45.472289347465264,18.62819317428003,31.468980628378205,42.472323545345944,17.6219
30.100862217253997,31.626157315633645,40.728133556206146,45.69353300218119,36.57650555374611,18.259909317491832,33.38771170511271,27.901188554848986,0.0
28.598619274992238,26.604401010161972,24.550724447534286,43.3754454052425,41.923743137448355,18.543544273192737,29.90207162946518,38.94549600636129,21.873
28.662569986582657,30.719059515484922,27.47715939466553,25.088993770335907,28.051333717563843,5.9031053695049485,34.15067747896479,44.80351544784601,20.786
24.82946678532721,28.417966800247857,35.56012532575141,29.061281497424304,34.320004902966154,0.49381166703120294,44.334536607708046,43.28317663928694,0.0
30.424444915600265,26.67794145206167,36.56355984207917,25.841728651463647,28.3715520586107,12.188559492373521,45.23662060366732,34.37993878588533,0.0
25.609826220302217,29.593377290154113,31.612437454562553,45.99619219312066,31.55533900695125,4.459494134802534,40.962834876436816,42.782324712828995,13.9366
27.180323773731907,31.221390599087087,43.55800331329387,27.42714575570653,23.822812995363954,11.139342372729319,41.70467821776063,29.459871840394833,0.0
31.25539255733875,28.232223535146577,39.91321531175619,37.2439401666299,28.856017122191933,20.286971695752136,36.10803869745153,41.51716421620398,15.2508
24.800872869987064,29.67551007296043,26.72043810360877,38.90795897548297,28.364966547154207,9.947616827828336,30.53117337820568,30.160912856542954,1.1089
32.021206788875375,28.624984398301205,36.61475903486082,40.98569306764909,37.55131167156088,21.60814812314378,32.52213993733066,42.930582660005584,20.78
27.41169491127499,25.321173760459065,34.76663921634918,27.411198928094436,27.581636784350085,15.512023260776864,32.5816302229748,35.282748921401954,17.1838
23.482181950426046,29.11466951403747,45.26669552690953,43.36053596901874,37.27174594061791,20.044591913015278,42.2266941558762,33.11890865682357,0.0
29.657085276660872,26.875825578151698,28.63637233019692,26.626946833356943,45.904563679061084,6.962435506095657,30.69165464500465,40.37269368531417,17.734
29.489331587525548,27.365056876762793,24.113500694505213,35.43897696615732,27.593165095811933,19.175398043026895,32.9282599113063,31.06442513026255,0.0
27.622410350729012,32.212117652450296,44.66176193548894,31.432402831217885,40.86849040477024,13.206030486296912,38.43910723568741,31.93838284198897,0.0
26.00312975024069,30.911163505961774,36.60067563202281,43.69678016440716,42.97494868349538,2.2729951264865447,42.902403800744494,36.78614235658805,0.0
31.570487532286187,24.346320368640185,41.38052708321546,34.93004910134288,32.058607692564,19.269598439623802,28.76147999415211,36.726590948673014,16.6307
24.093645061749353,24.403681312478138,28.48059056914057,36.99108187042878,44.520840999476995,23.02089932591086,45.795398362023235,34.10068382801884,0.0
25.680778207084025,27.716772615956934,45.392630402877714,40.35373381401886,42.93864867632686,2.7594903113829434,36.00952190795961,33.954261244016855,0.0133
25.860698724258768,32.086174948743434,44.59262283059273,29.98906125099719,26.948882899594153,0.9805794994178024,37.17646173613014,40.52560137027515,21.0289
28.279310065548188,24.12244242317218,45.00035712367607,31.643704176463526,23.942401404603366,4.116693686670103,38.92626152862784,38.217129116420914,0.0
29.364941081028764,31.90390734623849,41.39118498017977,39.6639981665645,36.731458653187254,18.50360767384183,43.656946653200166,35.92722211813768,0.0
24.835445815394465,31.855647779555554,45.75097231922066,40.85234800412268,44.618900486495235,13.425351757765306,44.246136273869254,33.0871696920837,0.0
26.947917985696826,24.257069828122155,33.68985727108411,37.100164448463836,36.74542428469742,21.896108332688026,31.89556638568514,35.68705492097763,18.0721
29.918174560237418,30.000884596996286,33.78524410312862,24.769046585246983,42.58294256388096,18.94594772641342,39.381077442777205,38.88352134963341,0.0
23.102654804170346,30.46777452302915,36.02069585920049,45.030328432124975,24.629914252464925,7.044590490146022,29.82186244162429,29.054636111890222,0.0
31.355533220262494,30.985011445241483,33.11642188528715,32.42390015128154,45.55155678764833,2.2268219884575178,30.696526603793036,30.37128344548143,0.0001
23.58648118182459,23.369743254085733,40.621388626001284,29.13407183426752,26.373187145815095,2.1617901402219535,32.987132634547386,29.64266424630841,0.2899
27.70770523635098,26.22351586967729,36.454288314135795,34.510870800825394,32.320089357976244,20.650344977439136,41.858801391176186,38.58559207531,0.0
31.630933852534746,29.862270383511188,26.73884627622524,39.02109603259035,27.791158016381985,19.128811933913987,35.95098885090482,41.94911137550108,18.9661
24.09519379584928,24.74877454683736,33.18968171606261,29.193410159977862,44.19649352753668,9.534871000676045,33.85511960770764,33.065711214710106,0.2279
23.854862947067183,28.39000453616075,39.98912569197594,32.92021212455969,25.480012733755142,21.656604740250152,30.720679122150365,28.533659076452487,0.4874
31.265748047046024,28.770810681131206,38.57867506111305,28.511945973142787,23.444761237336966,4.251792172080279,30.451005373623275,33.84688430531488,12.2308
25.930228155389706,26.80878811481353,44.28203629562748,25.380662263566908,31.214840188007052,6.162488834569608,45.862569536954936,29.325093080190403,0.0
26.57428294048783,24.410643984716824,46.00884459966501,44.04109313688835,44.81541834914205,22.159865004906965,29.084729648428613,36.94434932182192,23.088
28.96567301511369,26.486460558248226,23.911623471725886,34.28435913669986,41.52984100037801,16.888169355684667,28.88391559365539,33.66340983022778,16.135
32.03058717081241,29.973889466342122,24.094896313347853,42.98421281537915,28.95532862771222,2.541541681122746,36.98940724762413,44.72700183338353,21.0303
28.643203793091693,24.3115959682807,43.36559183171575,41.64169023324981,37.05169496727092,3.9449559807995755,43.685428116569604,43.73402936008291,19.517
27.439013983235263,26.21250641557726,33.09022631173464,23.16207277820266,39.72992679389321,11.369569379152672,40.346508168390805,39.912117278509,0.0
30.085471940935467,31.77434280009129,31.25401941943421,45.03451912452083,26.82215482259036,20.131444466464092,40.322408548445075,30.64667292366247,0.0
28.41002011831477,29.628926722640294,29.94260060380965,35.41134251650258,31.472953058491154,15.490306167153845,37.09013824416276,33.87340603940278,0.0
30.536325707095713,28.05698086113567,35.22888889501574,38.09085710797557,29.371481060945683,18.20354507923203,38.71145990642506,44.246197880076934,19.5025
30.633948712769495,31.689033881557794,33.57769885274875,26.38671320271502,35.650887361291545,21.7106093611382,40.41166229288869,29.353583034834724,0.0
24.533303725485794,27.92391056149267,44.63368147350728,42.493186485008735,35.61520318923214,10.143809093705677,35.27069429553674,28.716678688708182,0.0543
23.358252235424935,27.217399140253434,37.15236585221119,44.242359676387096,28.65153234503436,18.38945673975483,44.943526029977555,34.66886600391477,0.0
30.170601546329888,26.43400472018541,40.811121191738806,34.920139281745925,43.954110265165745,9.735412719360212,43.23617060264005,34.72629032511239,0.0
23.69997880185369,29.840344429413662,28.697078869322787,44.7336381223288,41.35240260907456,9.718554561909686,36.07450391320584,34.95031383724614,0.0
31.79350071316196,31.45076757103377,43.554918796460925,29.348630645360853,23.35143483787625,4.305927398377913,29.175689266992727,42.970731240455,12.2459
29.057268088300784,27.73860897059324,33.17196917708891,26.74237073076752,40.26768111510157,0.9176417840989372,33.04760407149596,29.973900980952646,0.0
26.14446449938677,25.45810333872662,45.90161254802087,38.18506587791199,35.50697675297649,4.771795827648732,32.17544552175977,36.639433879544924,23.3543
24.15211066366577,26.327217958605804,29.502562990829492,29.502967817660874,23.468982054502302,5.448588247301359,33.644738141991766,39.07157502829796,19.061
24.013420749642883,27.29189874309251,26.99323101681725,32.197742541395414,43.29153944253393,8.480251276965355,33.29596319543192,43.47680335139637,23.6308
26.48680445712209,29.636008035952667,24.15959941321702,40.581913589405076,25.649493339657496,22.052725930615278,30.471033468513273,44.53243180647093,19.3338
30.154876168879674,29.51800827280918,30.48305101105612,38.650912037113784,43.332274033688336,20.963482491217512,45.93554236060536,30.06912491146064,0.0
26.018923932416833,29.117709728147936,33.73986199494995,31.89363474851948,41.99787903777857,18.781062216674353,33.36381719099673,29.36563648581383,0.008
24.272687422010637,23.631689723678676,32.13587691960932,30.80642416493328,31.296722751332908,18.738201018479746,36.0710213480082,44.72563075763118,24.1534
26.931575165605313,31.459046794252227,38.63490521975545,45.310107754470266,43.75530561362968,22.332992585780033,36.13516451182252,33.52382851881744,0.0
25.948742831798732,23.83005378087898,31.62519230529856,35.48005620859752,33.868248857090535,5.202328153154661,28.923295696623942,42.76274374497096,21.7731
30.497220346245523,27.0147407970616,34.045589212054644,34.97531128448946,26.25273934110624,7.198407227289276,42.40992561880379,35.56606917926595,0.0
28.8017035885792,26.913454291691266,39.1313729851733,25.352319851940916,24.55986639208128,8.496374481700533,33.82409711487432,41.32336650356167,15.6679
31.447296260186384,26.735906615121916,35.30540012226473,42.725590876211214,35.64279213043792,1.6970431379546758,44.31368854973988,32.820270858299914,0.0
23.96832841037822,23.787917977399122,39.012665680674715,36.78912536163297,31.897886471711725,22.52749571909199,45.94624372160665,36.7801726408347,0.0
26.140960035205666,24.689141596452785,34.83451468663924,34.96348957748,35.160562951565495,3.2458909595119936,33.609251757749895,44.288354969534986,22.6156
30.2430124109079,23.84223190898871,25.10464081411981,30.947525284474366,34.75501513291853,6.806543186532575,29.237013889697863,39.3242684362156,16.6704
29.46193407198551,27.001286843140285,29.36836843302064,33.589729962865576,39.21822035038634,6.898221781070614,42.6333224704957,41.99764811343817,0.0
24.94702341110095,27.441398682540843,27.16992753754735,31.39843867148896,32.54940883559488,5.2806457324139,34.60614346537988,43.81090505589824,23.1358
27.023247926980964,30.856076436400688,42.6332476172876,35.52589091554725,44.238367171603244,6.565203300208373,35.632544528739174,40.07024385727288,20.3761
31.285847864482207,30.367199017059683,28.894741663486954,36.84177404221155,45.62768363573373,10.776934955924153,30.809326134763253,30.40993152729955,0.0
29.636048738826435,24.039523120883306,42.45928388515231,41.54435255368533,45.97758233244865,19.110714164959962,41.923628734443106,31.972252008794236,0.0
28.92699736354371,25.62825549072504,33.76423713336275,24.457003913642236,27.303262962595955,16.48801332444305,32.958456393370284,40.73198542895079,17.6594
30.078342252936153,24.95997873180389,37.61626552407138,35.676508384308214,45.430914630358316,18.82577627027843,30.41157110375869,33.400639363352084,15.8543
27.936559253805825,25.354177684103963,23.412052504367132,37.82017232299287,34.983121962766155,6.299987385904935,33.26369540954428,37.0582011052504,17.9232
25.704137161503482,32.22646347195084,28.54218299035521,44.85283007296856,45.97726348256593,11.834079283038744,28.252206982933732,45.98383395079342,22.6276
25.394866973038088,28.275166599055535,42.23687561254893,35.46290423065715,43.36513012969163,3.009971137197333,32.26784138986475,44.2185359338875,21.9302
28.37627649788821,25.053115245177864,40.35019034495619,32.275892175813944,34.86989565083004,6.170030919069041,44.686481238500434,32.58776256982638,0.0
29.589266360997403,29.039122865393754,31.050463328290746,40.71422309766095,29.548127962716173,0.40655230960391336,36.23688961681095,34.46897372128192,0.0
23.722557841084196,29.724607545250798,23.33482257752392,41.759981267750625,31.528160359978465,7.040669177814485,39.1381595800863,27.808782189149014,0.0
30.54866249032225,26.16567444554857,27.32687895469028,31.12361780629808,26.374492277506253,19.42843700503581,31.354079245641735,42.44526611979397,17.2015
31.839061621098644,24.09910569116316,44.43185324283699,30.937726417202704,31.322700450866417,11.354079407307381,33.055179374671965,30.279553878063883,0.0
30.30315697856751,29.78653467279348,35.16782345628965,44.01800686159421,26.06596710360143,19.475706927199912,36.05463227235295,43.23097182445957,18.4017
23.31980098326302,27.088330561040383,29.614980286678794,34.14136497474864,26.340784852968522,8.566796718194462,38.2842243494771,30.80201275560826,0.009
27.664942373760063,25.294162404182533,33.710392188120764,33.84931018826806,27.01517840349413,11.038451996646879,35.44422851127403,40.677958349083326,18.3872
25.10804154103208,27.71964503071358,37.340977990271256,29.2648970423908,45.702980806209,13.64997252945723,32.99119796952131,31.146329499289028,0.0651
24.576889084081127,31.833725793453212,40.58551210639128,33.12567807961325,45.24861341113515,10.593144205885704,30.92595902809759,36.207668579300325,21.5503
27.059454619028497,31.18543925664236,31.466881972986876,25.644213543830382,23.153842061277683,16.99847677240014,28.423042357855376,36.385678886226856,15.1049
23.992022546767426,24.951230779561712,39.48282662439254,25.85338524488611,30.953832106251124,1.182210965617732,33.6670215126179,31.271554947093158,0.205
26.4689329401819,28.915447895509157,24.766308577931607,41.53015143435027,38.74020131870741,7.7573007459258205,39.50840644415521,30.19785839215877,0.0
27.42414038785085,23.963865342657783,29.122232458503767,42.758905750648935,30.451505772310767,10.966360625125356,28.11363977189216,42.56773333520905,21.4285
25.798533261241136,24.212234026987524,28.403853096607136,28.627431610713966,28.34271076587312,3.6892302230165486,42.08049137119096,34.43050046977583,0.0
25.17445820479217,24.18083459264261,24.13820699231545,38.814038963925206,38.73511463211102,7.3856434898352665,42.16163488320196,31.71971606605993,0.0
25.785282061279375,31.39178950085842,27.186968162542797,25.520003830042477,34.204338089128186,12.226694516831628,32.40032517036862,41.50101973589064,21.2045
28.850610248309685,23.38116208754844,45.96497203664951,26.1068693704074,30.489686122406397,12.802597894210262,34.16864901812704,41.1573716876044,21.4546
30.503750273860017,24.533550038299026,39.68158354096132,39.68005121603208,45.69294804053694,5.057738281126388,33.5502994031997,29.639105058601334,0.0
26.350006234586026,29.6059380813147,31.346658529806877,27.90370125122698,28.52869582613726,3.221444140551702,29.717907527551585,33.02845696376807,18.976
30.123997287146864,29.415951705621655,35.36248002509444,23.380237008165494,38.895153419159456,13.138827049778294,37.03157582765081,27.96692079403727,0.0
26.350356056735066,23.597920753606438,40.47978368960612,43.31833407818621,37.10395211498604,9.888784168761347,32.739167970662734,33.01610611854266,21.8096
23.348152453908927,25.645857780990337,31.357267706486994,30.964101685191842,38.18268638639712,12.002706035187074,38.599171995192854,35.437064672196215,0.007
26.385659645078338,30.36400764757266,29.352586060902492,33.52122675984927,27.589650530014204,20.70042261636836,28.046342828131916,29.756792580869643,18.9332
31.55442095411165,31.095444726796067,42.64762405422782,39.276479360379696,26.14570303108947,6.927542889047176,32.830687279690544,31.09486276351193,0.0
25.00386414782256,23.29712317323018,33.370111278533564,35.111767183660284,39.39652595610293,18.947803132168993,30.309212030445057,32.70381745961662,20.8512
30.459967616155513,25.67363746772764,42.69943004327831,23.532419807498353,37.323585358868684,0.3184866916894963,46.05002404327554,45.38305632492637,0.0
27.995098135744637,25.741345714961483,27.05721328002567,43.16501468958646,39.04263774701557,15.195379659472344,42.89114745912404,30.96896141817514,0.0
26.968059265515535,27.536323255959168,43.89070212472655,42.24858714094542,40.33403669204765,6.232031108148898,31.72402428442411,42.42594440422703,20.4099
23.727082522311534,29.278212020242975,27.612339923711758,27.447764464445264,28.145350287616793,11.873171304113198,28.1464222326018,41.35981916524227,22.4785
24.009465716954782,24.263303596507,43.31770116020452,24.961351273075074,44.85482040878172,21.874428791122213,45.92449448018628,44.30220026366324,0.0
23.873408802810342,31.301634574218532,43.249752958042734,39.625975624698675,35.618998066339444,12.48216606463864,39.473849706263145,31.263577871873654,0.0
27.19014748148776,25.475368692493834,38.756629163346545,32.75677724602588,37.656480496368225,14.671004785596649,31.992247077064945,30.659518753985147,0.007
27.840186115138742,30.956720683770104,32.9624097983499,35.205061092510334,27.31087013723439,22.586908257802158,41.5194348756575,38.467164925313696,0.0
24.60700530758852,24.866708781656868,27.889118437260393,31.236341962770233,23.385267238905662,20.24270664316904,38.21607179120832,44.83307295438392,20.8415
31.63293268986834,24.491844460110855,37.45999960560608,40.871023733533114,32.203615318565966,5.431867990274713,27.878140469440343,34.927577150234406,20.5142
31.615537056237446,31.906769694340028,42.640685316981894,39.42953704701817,41.171985185766616,9.216753875091863,44.46507757556997,31.652077563992723,0.0
30.642516646499843,24.68037939477991,36.732203119836115,28.428398379550302,45.230561820145574,21.630759796868503,29.436406977347666,32.99746908467496,15.1133
29.38130775208265,28.822299339453263,43.201823632502105,36.786607351890616,44.17853620013292,11.172101785611552,41.64430774170046,44.87108940312983,18.3649
27.630942423641766,26.599364664525083,31.768487122054008,28.393892828633973,23.369868243110577,20.084338885159468,40.44445206734717,38.92456248358424,0.0
29.15032866719436,31.774874309382596,39.08278304626248,29.63304529776819,43.66689841166105,6.2181508675485615,37.123191059839556,30.37426644737442,0.0
26.614856894730256,28.773249746442957,36.49008629292024,32.45541699107211,31.106765665271023,9.538851881759104,29.15150805028751,38.525383004505116,19.0118
24.205196887549665,23.72519966308016,40.185303329433594,25.901774746135843,43.19708234421421,2.0932888929502784,33.04797547120089,29.267621797111737,0.222
30.07665115660786,27.652608911735037,36.63403762097644,41.8733121738879,29.592613344099398,11.545987551822263,29.891081678365207,35.46110735072858,20.9727
27.559217273576298,27.439800968750816,27.393218369038316,42.45321410570823,37.41724604905678,15.472728357983824,45.52186119161725,36.80972070192155,0.0
30.649674340527824,25.369693917598397,37.08625675179796,41.62080914369677,28.06890968126653,3.413737833809877,37.44956327908524,44.361427729986296,20.6334
31.45033882460381,26.318032229740655,34.040890556705094,26.159255778044354,35.722617236848826,12.551232040834805,39.627562133582245,41.56206265411273,17.1714
27.365330422560124,28.454022057440522,36.706461078716586,32.65890282021001,41.333530030177265,0.8745740955826709,32.34071370383912,28.5329168401682,0.0025
29.516640704261125,23.542668255031526,35.16601092702391,43.96037288775573,39.309397515144234,9.958222524528125,40.41197198883699,45.86432913293338,22.144
23.742160557705215,29.573563287750446,45.01141204959459,25.51188001826796,24.32750593283938,21.9212964584944,34.7713097184039,32.29662161251348,0.0684
27.13377764096774,29.121383730105535,25.181344825295458,39.904806508127066,32.89995194719165,21.062842748769054,37.6262605004839,40.26094196681113,19.9327
24.053579133382286,26.421344724460212,40.77711141445333,43.7455817712249,28.770947307767845,5.318167579979694,44.120191644761114,33.35886672790844,0.0
27.18012364914325,23.222401724842946,23.16726520968411,28.28364721835918,36.57543472970265,2.9882060716624284,37.184911769811784,40.87705643490348,19.7831
31.844283524998637,28.54603470320941,37.35427909087922,25.829182526294794,30.39493613599007,16.343816767306933,28.00024428734152,42.76910629772735,17.6061
27.45755185901571,26.895835747478976,34.10790755204565,43.034573712762366,38.09655606584837,15.254077683826104,41.463937957789035,29.10442607415679,0.0
24.357639585821946,24.396986099981195,30.80025384241507,30.148077183169455,40.45326482471886,2.8889096913947476,30.905776587319323,34.24860184478289,21.6727
27.01053090223841,29.908232251498813,26.327042853755664,31.938319921316463,40.502632313528444,13.60296813269116,44.66679731191334,37.47593565214846,0.0
25.567904782514,32.10522057931422,26.936980204595258,42.85806080177443,40.00669451632084,17.470214624092378,30.17484943718164,42.66158703468058,21.6634
27.182326976275995,26.169893952712737,24.223810418972732,23.775085350215047,26.965883576492207,20.539303042290722,32.63286670925051,43.70969703254998,20.5725
25.866021886052668,29.94721120618959,44.501062737137104,25.69590856010543,32.71531503914562,2.954840935610677,39.50258522617236,27.802237230705224,0.0
23.57055509113904,30.56610166567975,41.994226459954824,37.280371178113015,40.14776350154738,6.159824635978975,29.945961209290157,44.34660997055017,23.7366
25.722217733678445,27.694541094062664,37.23018889007694,26.189034958996714,36.12445249577588,17.183512556434305,43.80696775430077,37.916461104630244,0.0
29.556914608294818,28.990174537658934,42.944433133084395,28.77510028668442,31.660394306615725,4.0036148128256235,33.72363128443405,39.47261492473866,18.9642
27.914434506898118,29.875015917212192,40.79938968330057,27.941663055308446,24.404773124976376,22.326983613552795,45.310068796166746,45.642552604886404,18.352
31.411817727077334,27.161620869442153,34.829841642620146,37.54511186692999,24.74125433013103,22.603122659679926,32.01261632201608,29.38431323520104,0.0
26.797712224035035,30.986093467413596,36.24989369331569,39.766865014014314,42.93925917102375,2.484166732744645,31.05553832161276,46.004196906898706,20.8132
31.052089546386256,23.99620989601268,33.743761945673995,42.87919986561496,40.89272476618609,5.130443066409359,37.296448016527144,38.63455628104307,21.6302
23.095346665254525,24.642053420896055,36.46338211037454,38.110319502292974,34.46422939212523,12.657687975367706,38.25660248486214,32.2577657795161,0.0
27.84635906842034,25.515989210585794,41.00464658918928,38.90025058432994,45.027967058257566,10.47707169667798,42.349032163207355,29.79076547647685,0.0
27.473772508998742,31.981896386676482,34.848785021484886,29.36520923463238,34.62221281328592,18.394271431584105,28.307277893112236,31.383752742722645,18.4897
28.336188140254446,32.19449377961268,26.39686151590412,42.66398724527463,34.13845579007792,0.33898916918462824,45.57889260690486,31.39773546607961,0.0
23.963228215291977,24.878032195952052,25.67787290483496,42.91354339303906,43.94397384201497,21.593342656897416,35.04967261910436,29.59937515760187,0.0
30.615427268441124,24.39348746399373,25.186112972470642,27.051633517200678,44.279520411976314,11.960539018794071,40.40696483468084,30.537663080455793,0.0
23.123741239909027,23.201860855864435,23.331237771446343,32.882516758369135,28.711765848768945,13.015918280660543,30.185698387897776,36.91449532667754,22.9898
26.37140034125421,28.64039184789901,40.229120708176495,34.621613794741215,38.32070908048144,16.439176001403222,33.95470617585657,38.07390655326447,19.6258
25.931623544197702,31.90174258846809,40.64820173814891,42.22557761997062,26.762858313601072,5.94055249237665,43.26670541350853,42.40506421454318,0.0
31.205402004488725,32.027623607411414,38.431433099652025,33.244937330960184,38.160903769402424,19.86593947564202,34.370902704656395,42.258853050181344,17.4936
26.124826219857795,26.821321680345903,45.48190703443216,30.676103587912216,29.304372613520098,7.362029058200085,42.687818000963354,32.09995182322919,0.0
27.82587515998865,31.41398722025135,43.18103041515566,40.99152211924982,33.082978776327664,4.024290418504355,27.945302648151507,37.44971372673668,20.3537
24.58899387608256,29.599644312453435,31.512495471222323,28.133379771608713,38.45983626723299,20.383337630395115,33.6492087564896,37.64711880187148,21.4351
26.710243289166876,25.099727732129303,39.1305575764398,43.14474298760153,42.131412539501255,5.5145572244004875,30.38009147060995,45.52977989770862,21.8082
31.410567817955275,24.629740005287964,35.61823332356202,38.96718095940296,38.63315201510486,7.208127243422873,44.139911565916144,39.02608248586237,0.0
30.06490864504331,31.753420386964862,34.2369316999009,33.91205352599653,40.80280191875703,15.202427675258464,38.62088978617883,38.17431580211527,0.0
25.733196427010846,27.585829047811135,28.626786449993414,35.00144576779676,41.17566227951507,5.0971916164857785,38.39428514574169,42.877119643718,22.0104
24.984263137707885,23.797599908080084,26.990574187107725,37.97807220274081,41.2411357435049,3.6510381749136296,34.22043889744255,36.87782133447455,20.2179
26.404911709502223,27.298172175621737,28.663284713909462,40.952064208753754,44.92221267115669,8.62331547289201,30.999291364888375,40.16261688213336,20.6866
31.994331792313776,25.95061380647269,40.71908197664478,36.757233467285516,26.52454058996696,21.470866630785114,37.363326687984305,39.54785186178271,13.7819
26.978531705306445,30.616794288661904,29.400856996789464,30.261972718681456,37.90649120507606,17.416679705070116,32.10999806954463,31.568407073198784,0.0132
30.932094470446835,26.303642985956166,25.35415210251279,44.04068019946014,23.22034158620856,2.495707296259734,45.02865473863106,44.75158247752934,0.0
28.605549502031106,23.744429338834276,42.292783450233095,32.067583557179546,36.762028341183864,1.1411330909930233,31.261097183351364,35.44464444295919,19.4668
31.579654269718496,31.012311317960933,42.64098978101362,40.306787907486964,39.146651332949816,7.545498114672862,28.06553916896606,29.916986505026475,17.621
28.222454131008764,31.68126255068224,26.20379902607426,30.548803103968744,38.90699246427347,22.264733729095457,33.797485606824736,34.37762437364906,17.1535
27.56260119576018,30.39052327670099,25.734790263887216,29.985608069654926,30.47500896418626,4.8790779860028115,34.7211899290875,42.61600789837966,20.5153
23.30675636956365,23.538113554781003,32.862339446373554,29.170678266454225,35.791250909373105,21.75371786734554,41.306300892696015,39.81819371715513,0.0
24.672619121649785,24.405149639666252,25.69222016478287,37.71994308532742,45.38202850782365,10.580645625855302,39.576864856125944,45.92105418505304,24.0819
25.10598470143879,23.236756498659908,30.703095106890327,31.968782078177213,34.535994741505064,11.6662083139204,42.622313351872755,38.741304675496764,0.0
24.164317268416635,31.922632271426345,37.35005036314584,44.94119329330758,35.16051820714057,13.409980850259718,32.58025190649362,38.50267100147272,18.7934
27.77003730953434,25.889748111586517,33.82596804425107,24.336818181672506,39.30318199549951,17.415738126539246,32.317435350104994,35.83754999485639,17.3187
24.548395146840573,24.36693903161684,29.75388207818418,44.32447992331361,32.568562719680195,2.8076353516892096,41.71130270948269,44.65124660475104,21.8964
26.529539952658574,31.841135926649898,43.63513978056651,36.88890640586106,26.04901446629412,5.621442101226794,41.858439695110945,44.20655840700867,16.917
27.513366703704776,30.36533891931202,27.291433767997326,27.22011614885315,36.81033648503559,6.310494963205171,33.420251314340724,38.68756767979899,18.4025
27.611531561331333,29.233542935529922,33.536143253239224,23.915288461931034,43.44207999675632,2.7361908598476505,32.94540650341618,39.993219894005655,18.9482
32.040974233317755,27.510266753067672,30.939933302381533,31.440597558647944,33.42494917609675,18.638077162075444,29.391506347463537,32.10419178434589,12.9721
27.44116141261442,27.834109159901747,44.92880863009162,33.57237720707323,36.02269635197122,7.428718875708652,40.144329028582526,34.03081156197382,0.0
28.341371039676524,29.294657713322106,43.061053569035536,44.304424032563176,27.00634731721338,6.831216676786819,41.61706198946196,43.848778142922406,19.2338
23.736659260212374,25.2162554552298,35.26620860487379,32.188408883629165,29.661645284289058,7.505805679192844,29.739935194705854,30.567578404045854,22.2599
24.11876256620973,25.15464998069217,37.93780776688979,25.94119520598842,42.576576168850984,9.632279289306501,44.410484457252814,41.13254140727877,0.0
31.183000258838007,26.958418668790536,29.925346404455716,34.54377867955302,35.91154199243498,16.13534379088878,38.5029755631054,34.26927574885486,0.0
29.46178876476877,27.084117648558856,38.20106422864888,23.31362555728065,43.348523117709775,13.689097563978367,34.32950409746124,39.07845587851277,15.5392
27.123545312848236,29.581576163921063,35.117297735519024,43.0482055197278,32.055319211921315,1.2190317181229178,39.592466970755616,32.51078123869223,0.0
24.540666112956963,24.305501351191225,34.22274006841299,42.946044220036825,32.350379523921674,20.147814410913657,27.859124776867194,34.154448591674,21.6869
23.27713827222711,29.138615605312538,35.887000892171834,28.86750092362945,36.255802565892424,11.629541541444786,35.048495693050434,33.878733495510744,0.2572
23.230123470107653,30.574700184853445,31.407886478191415,25.15875188518966,37.49939646687345,6.118460869214961,39.74146465573227,40.03064070359892,23.17
27.655764613324394,28.68925299174834,39.57982230614205,27.619669106679787,27.833422664258833,1.1268522265457672,37.53187218130218,44.160802543958795,20.6655
24.420089757115854,25.026755901768382,23.98044854049319,44.954376821952174,36.40754934609256,5.678673991714676,30.09940736286798,43.095210033731064,22.3324
26.499974742760084,32.047215874305245,31.802585876592445,26.928882060414505,44.00056591795248,15.08508470391292,38.287360409572806,41.256599057711966,20.4796
27.039732528001373,25.063201711915994,45.61704504993098,35.487870432237905,28.20981174356377,13.05288206313328,31.542624399026405,32.13456366010343,22.1078
29.680285714494374,25.15514651516078,34.168084407822775,29.8606730147619,41.083739814062525,20.376963101851167,39.61076606602986,44.33391145200677,20.2889
28.008567081922788,30.665294374582484,37.47186643326792,38.64892476093222,35.872963005470766,18.970838789737538,34.12641841563895,31.051805839161396,0.0
25.22291099771183,30.638791482566315,40.685047205277456,44.964358087280175,45.68880780725925,18.00512930267703,30.932145675795336,27.82753403985518,0.0
27.667692146089287,26.710663227988363,34.608931278322935,44.993537419269025,25.947833601410707,21.426499286319462,40.518524874860134,40.92055913851694,17.2888
27.84764560982351,32.09450098243454,40.48606143911833,42.72875676375308,28.615713514789924,15.839263997362902,45.79454459151178,38.51051454471148,0.0
28.96287279528754,26.64507652424883,23.386335871314547,32.92857961154433,37.450106491896264,6.994530139613451,40.47878074705024,39.7355102984861,0.0
28.04712424302288,32.00859123668537,25.632070086342033,29.09554920547171,40.98319781158697,6.866234138708736,33.68166368570709,31.063024439493606,0.0
28.00255703755467,27.510060076463724,45.1085058900062,44.21619204960149,34.1924088374419,12.66902029104627,40.69331443114126,35.836057833224444,0.0
24.234047383715428,27.08896480357072,34.800177906685676,30.486648205775534,35.98829648355773,4.090446239072564,45.1390960876417,34.11799835350439,0.0
27.578766160563912,27.143205867476976,26.626402027993205,38.708299076022,31.523302562647416,8.082251154929152,43.87904176180167,28.021028339316402,0.0
31.409184203851495,27.806040643992116,30.037504407906066,31.406053192713834,41.279773200545904,8.70676401557924,43.91382070892594,39.49831586674552,0.0
28.35390484286104,31.660670256408444,43.42950759223899,30.126016894332587,33.691799838138955,5.690476790978697,27.938446487609053,30.303192798644236,20.299
25.54200962125796,28.01553242177483,32.19469436024933,28.800368348083133,38.924513848774076,7.164872266953889,40.12562029587279,27.817715752249285,0.0
27.59449148920754,32.1192149665425,26.67113177720209,34.708223278421286,36.640778042455935,13.695462542495248,37.20592009407842,35.43962576994454,0.0
27.226462856519323,26.599400564933187,39.83613126627534,40.38528768699851,35.50220258507038,11.2006530636626,29.559713659645904,35.03016287732256,19.5149
27.300180955266562,27.0011202911194,36.05656256690612,43.88627903965646,23.140799775780835,20.912334667667682,36.56279063298125,30.16348694251236,0.0
27.82624544587918,25.46639378386777,37.553843660609445,40.32010457911049,42.72074526892105,3.7211972303499934,37.433489303870644,44.28624932120209,20.5999
23.92226845104794,24.20068115278236,41.15197707284291,32.320262466337866,44.84276539101525,9.4748792585183,37.92107428775505,41.90810144062819,22.1612
27.064693004808007,25.35996994676283,42.20979099165527,38.106418868011275,37.29495119641208,9.19761767177985,29.35849369365506,32.62312335590353,20.5638
24.448218168717645,26.172134440960598,40.73410185184919,37.3724998112128,28.851537598896996,4.96966891543407,42.26544044125113,29.188220366584112,0.0
23.10865274213422,25.940816669127358,31.18718138625465,27.665398510751128,41.56761663574561,12.015794747768346,37.410175163102565,31.379177613273498,0.04
28.46307191717379,25.534783455885474,33.69368369602637,30.068690987787864,43.70016547760099,3.7404963695547373,30.675439235206483,36.084401290886234,16.4933
25.724699603627645,26.404775014674943,31.382614610785623,31.899508749565527,31.81422876009978,6.608964252338668,40.10329071380826,37.570085412957205,0.0
26.190772638479423,24.48237885835032,42.42719424448129,33.98056558162674,32.23016258996417,18.478553056803058,39.60410675244958,45.242079352711926,22.2759
23.367061199127715,28.668794694783237,41.39241645192462,35.87922502344626,36.34935150300998,2.6078299670079517,37.80115304103396,45.56538762972009,24.9598
25.679701067818282,29.69966423895187,34.537571936554826,33.5109785008083,35.174254665463835,7.686406962141478,36.68998529537623,28.704427549087367,0.0001
23.380963110278188,25.34613320506184,42.053550049406965,30.127027243287838,24.225946249012363,18.077293599543662,28.807181828679788,37.054663085875866,20.5723
30.19608621151967,31.958400388604325,43.50732996845176,37.81940908497482,28.719495349800827,4.502717152702846,45.6015494729097,43.91573011088957,0.0
31.451337070999728,29.07283212700672,26.663075813654718,26.527351227256837,28.8013053843424,12.042024232051986,39.41122312510756,40.4774536786401,16.043
25.26581850315914,23.561904315251542,27.163762326922836,44.53274535136899,41.63166045453965,5.264862503341672,44.32350745257191,35.66139088604621,0.0
25.33256997055452,29.978447429898896,30.64242414215102,31.884442401204176,43.64130377777676,20.104998377002605,41.99734035924404,30.34051179749159,0.0
27.98558527419511,28.900833540861655,30.66739261419086,45.60354433759264,36.741483191873854,11.894099437427624,43.52418835051573,38.18495136830112,0.0
28.779755858678946,30.606283479935435,30.785657893141085,39.78003022676675,39.62426405803221,15.006045250957179,37.26813121721491,37.74200413115008,19.7204
30.05883528353639,29.53644981510742,37.60485761872232,25.757650807713013,28.874629385120535,4.422800155731039,33.43183071319785,33.089203011033476,0.0
29.25038346615354,27.319601471682084,33.76985943090637,27.31635426942394,25.874165903277017,18.322055542893555,29.808324439728075,40.60661412242008,16.5913
25.628004591151754,26.028414184036556,32.464289627752535,31.27828663825608,36.32075317024289,12.754368977246786,37.5753262628951,39.37478670134658,20.3913
25.104544313904345,25.33248773274863,41.13212817190188,35.57664949878532,45.611595467279464,12.677292230926032,35.3564145086111,37.12930607875234,21.2467
25.297626179931193,24.779380123284113,33.28449347540432,40.039383964094114,45.79400352707127,21.77639586941737,30.665728755203254,41.64425226581849,20.3639
26.55245391109289,32.010242296444346,41.393620909409904,36.08673110776816,44.8327719011869,10.980673914737805,37.361839865653224,39.400054437701264,19.9842
31.352217698372478,31.14317113508546,38.84499468205276,41.59496867911563,36.82948011960218,10.959323874346682,39.837668851510905,27.691736561859123,0.0
29.96348188905688,27.462829856490984,34.94307280459996,25.011427721798842,34.409619513699894,7.500491563433088,36.4785932258618,41.543606707734575,18.2358
26.587800361710606,28.894594861470342,42.735605079455866,25.448188124221883,25.781745375648253,9.430636918430011,33.157657746659964,36.0507034962644,19.501
30.254584039703445,24.66501252718441,39.920461802634414,42.55815002019091,37.91551359344943,18.278139622050443,32.49064187961903,31.103166386137264,0.0
28.62707134255613,27.555611610416573,27.72261800380511,24.610821201485184,39.64183077966695,14.631358311486137,28.870560094262842,40.001196974947554,18.2287
30.3658534980853,27.364827897639174,23.56526671031868,37.1525954412914,38.909854439185864,6.5357972506051185,33.570316586494286,28.68303340197794,0.0
28.787971154796875,29.88136315480706,37.92044142796345,41.21100101233138,33.05533067920148,5.302472706458222,40.23296895132354,38.074735250932996,0.0
26.7689525651679,30.26314864927679,33.762799747899166,28.935139993632895,33.52595224975637,13.62732935283044,40.602973982338945,45.83041910576334,23.1841
31.9127399843004,25.063892540645774,43.596145389003645,28.746102628996102,34.4230559627917,4.076638735808967,34.1498094177756,36.29650492225319,18.0538
31.58479164585188,27.348541342237365,33.50659481874288,24.53588945847182,29.240171446302583,19.244023019258023,30.480052897030593,31.745338146957074,13.9905
30.702926234322803,29.23464343742153,26.498064840464764,38.8306594228938,41.20544129830701,6.0960547075817555,43.088484833239406,44.22786658439307,19.9081
27.78263535650495,31.079757095428384,34.133018719576675,34.677833644909825,26.2043405650413,2.5691458308162742,35.87272570886209,43.24447435970322,19.4609
28.774664932530357,30.779593103254303,40.56051106354215,35.16498847731908,45.752520438697374,8.390364539212834,32.42916264964411,45.55184643433293,21.3243
29.68238241802049,23.76919568962624,29.926710114951803,31.504697858279858,27.137599984448734,13.087255276391799,44.53864427190071,28.732723811600138,0.0
28.697832116675627,30.207790213727435,38.39879441788639,36.25755799735134,39.32406995639857,18.799732391519562,44.09562539307328,38.65849310182388,0.0
32.1388790563485,24.895936984321498,35.35135491399085,41.26204943943853,44.45928629877988,5.957130455988348,38.97215377487214,35.62576667281725,0.0
29.70356118551365,26.411624496113507,25.607135463882024,29.743515402843265,45.27475025297073,22.426288230784884,37.75977201407021,32.71122358735709,0.0
31.222087585664365,31.437034685249216,42.609509786800345,23.29348085217135,41.16610769351864,15.912597689591843,40.285650780451945,38.0459145581294,0.0
25.260429942571175,26.379638224003966,36.189980500616116,32.43213229725466,35.16195453635188,22.238647660396815,43.38119578883442,41.94537251857714,0.0
26.72085955105365,30.556298128023627,32.51136089172235,32.62199254761247,26.235052853134167,11.286544294027017,35.35653453815338,27.855459512985703,0.0
32.0566275056561,31.06024659887394,39.33496661196238,34.34713244621902,38.1866780114604,7.019555736973647,38.73868211901574,28.31539566798996,0.0
30.094836612688333,27.847876410723373,29.65178357761981,41.714691578755705,33.71380402259486,16.885518068860453,31.802548898962634,37.92359412867131,21.0657
23.27602399640745,24.88007149127284,24.916103068569004,25.9700274169036,30.1698558725166,12.056920995442864,45.80478108685345,35.28979088784987,0.0
26.86071543044579,26.276141666632434,23.635645866945147,36.06972263158701,24.89895655184879,6.961803739698252,30.599340722021456,41.91493155925006,18.2115
27.946203594691056,29.712790370485024,23.418837371854362,45.560801777166006,45.173020716933834,2.451938282475413,43.78770786453814,44.64431242068214,22.8968
25.716372052006218,31.868660476024825,37.36645317051949,43.276523736353994,43.13241468733476,2.250259602081792,40.89404079188671,31.848113945422696,0.0
28.92019424583778,26.709086222855827,36.51030565315281,32.00528332057343,24.506487356356875,9.845732871999742,31.089135654604753,33.81232634563502,14.2888
26.368725162531035,28.26392438908082,27.91743245526428,24.721438679004667,40.07530925536361,17.169072457842535,35.08962861772722,30.12109397194084,0.0004
25.60506791009105,30.679062072471705,44.34353773148912,38.099309014660086,38.94877885346944,2.5266777303016825,31.875394098020095,42.76289703216148,22.0188
29.2035064250684,24.039769718937837,25.611171328133103,43.04266809679813,40.84278901049878,3.04089454042142,36.372848682945616,36.40442875409398,21.7323
27.284329539893648,26.64755542915059,26.885864260933943,35.002353679761804,41.11218096366274,6.400709134430818,45.03447162006465,30.28202335188937,0.0
25.235791500957745,31.734144413216494,31.10038569805545,25.923096653583244,24.591654973649177,6.41568207195363,35.288255400660475,30.365741037804106,0.0036
29.81378877870775,25.85088383400367,42.524202403185626,33.639121601799744,37.66782104229628,14.090060361847586,28.95821435437157,44.658297899291874,18.664
25.144562890295475,30.255890332124387,35.20811787522099,36.84689598686089,31.163043348544935,10.660567388520027,36.00473390032563,39.13705183922007,20.7851
30.453027624929284,24.60952707566881,36.952593698074374,36.576949420639004,45.23210097369278,8.771646561629012,37.765360019756145,31.876429561852348,0.0
29.44866533197841,30.24933064793318,26.51503924419352,23.997772968905394,29.722298519238333,20.322076240552747,37.42733730219165,28.060024366286907,0.0
25.507400269107915,27.784366927245095,25.19206795244413,26.03368793603213,26.694445997464655,20.312465108314775,44.05957295650985,35.92338022353195,0.0
27.780345943804537,23.872556490076313,41.716127507344765,26.326029040957778,25.24653679837578,8.74538761728507,43.00711497269204,27.859454664990743,0.0
29.9788261378224,26.42712505913983,44.506610968876295,40.53942382716254,29.067581763820165,9.01903139217208,41.4470186214363,32.036453909516055,0.0
24.51622212952783,26.099439483628235,23.815117287972388,36.6000524648131,25.37794107213808,5.761851549613526,30.51566266168969,44.77498533360464,22.0416
23.269539611232503,26.710542208163435,33.2533186846714,44.367398942782174,30.29799114609583,20.195972596371963,44.04058356492522,39.97518746933684,0.0
30.682314437505784,25.916882759731312,40.79416092627264,26.64710615259241,23.286740598769157,12.021145462993523,40.05299863942359,35.79182849272338,0.0
25.236880305410335,26.92864771549695,38.682880611137286,30.72732065760221,34.864575795816464,10.532045784066405,38.93270830090134,41.588972076536386,21.3603
24.2762935434648,30.391668767369858,34.301432717659765,34.258989230544415,44.857687209786846,11.16363032059947,43.89620779420666,40.262981558838575,0.0
23.106673528798495,27.876579622198236,26.257857334063704,40.66006763631739,35.590063937902734,10.070040032166432,34.673160233223,37.51873066796834,21.492
25.916909019764777,23.435792373869965,45.08641779493149,25.985767071433965,25.55199795117376,8.028536927906881,39.493887272189845,41.61475084757412,21.1126
29.330499429984194,28.43442382019686,42.13005907669685,40.024249806797144,24.824466516337843,12.880430357196905,33.424134122752704,36.209606995162545,16.5469
29.587586514325036,25.677732942438034,32.93799581559481,30.75213600836435,29.185146111349187,9.018735951090104,38.53685751522058,27.723997962392502,0.0
28.85859133654522,24.452616459156566,28.35232535126857,33.449256906686635,38.38342000882894,10.600080515531529,36.75773904444405,35.238848991783584,0.0
24.193602526024574,26.440708780591518,23.696172425540283,42.838257576641396,36.08493243324478,0.5294518595826564,43.144325830903796,28.578269192915762,0.0
28.788126020879133,28.530199603377106,32.57670138936823,41.4409436785553,28.390305041234765,15.521354075136303,30.930476958876362,28.60869032647285,0.0
28.19413652210788,28.146455425333937,45.445833510795076,45.234939721008985,35.829621588789884,3.225378468437799,34.94380332117985,43.58625146544078,17.9275
28.937738459553305,31.118112237712662,36.26053184661359,42.87495473989949,34.00766904224312,5.3852786447420575,32.29758790899077,31.284905833196163,0.0
23.960365883041483,25.18125730637654,25.794667922190087,27.292864583871243,35.53455252423587,7.077464675546825,28.12193478017644,41.21965723524612,22.6535
28.04505319046409,30.827714599901963,30.920019087875403,38.74543374343351,30.76646348070042,7.012520257668215,29.020099306500576,39.76131468234388,18.8971
30.013835244803012,24.162129696433038,28.11748745498463,24.474890536882018,44.53222223102472,6.433402839840387,30.025236479649884,34.13706091926975,14.6333
24.025192548764462,25.503440617517942,31.732880614025976,44.51396146764846,29.65211697391024,20.618493923447154,27.974170492348385,38.11032171819783,20.4711
28.4029081609517,24.69276210506213,45.07959775178426,32.453132101249516,26.628374974641172,10.317645240105765,44.889578710084734,32.500614544428174,0.0
30.76581781509782,29.448382581242804,28.09710475086569,30.71264220025481,32.51496957577404,13.132282223183472,41.649102406655174,39.89140467322532,0.0
29.550417278623513,26.224887596351927,36.1517557475259,33.906551567458145,39.104117473968785,22.9822947269625,39.10833185348321,43.63033280659889,19.8791
25.878354882187846,28.88830766934944,38.142321674760346,36.07338664694395,40.814478133988544,16.567745960142233,38.96881762144476,32.6117021886023,0.0
29.086400988048098,27.107136510333607,27.5167463651622,32.82189959607649,23.301612746936794,10.557220619749243,36.17445685171002,33.78330394534258,0.0
30.084704963939913,23.959682064430375,33.49855670280593,23.913077710648054,35.25381861346574,5.010053160649749,34.00206511209011,30.29010296991903,0.0
25.2735049075775,27.57969735434461,25.815426865784666,37.40758400006497,37.86200496926499,20.488947901719566,42.54759145550434,31.96318614977046,0.0
28.946055117483397,25.82316197613429,45.48892291144061,44.411894199518,44.57026898225571,11.702579711675789,35.0033394820041,35.58204617247826,21.0378
29.37308941259441,31.072019942129806,33.054588393794255,33.07403801279493,27.209163588784698,17.450136089551734,37.35949178979625,41.70180132596863,17.9171
27.079221664470175,28.733906751652892,35.34794858493475,41.69499437360529,30.595317497210406,13.3853699359529,45.99741402710054,42.18506387048746,0.0
23.910619458823795,24.243841435916213,36.06626719179898,38.522626897260274,26.594961985673606,12.370347908086368,44.58162341163241,35.1238648868019,0.0
30.413561059412377,25.78708143456726,30.61971066242864,23.264390784707533,25.722053899237846,16.024504415923555,28.227550140318975,42.09127654232723,16.68
31.98091996088916,26.943551582949105,24.122233951296696,41.57974218607665,37.10804323487077,11.0543235849658,43.94287858054094,39.34190007515437,0.0
24.39335630419735,24.1243709938129,43.31092169551846,27.718309145112542,29.233954653017484,7.31002715366211,34.87972491685079,44.50883953787951,22.0301
31.05078143777883,31.546280226234284,45.83715895333917,30.818294046531204,43.18983596917971,2.4412876777822627,44.354919660164526,30.227848569223845,0.0
24.084642482706407,24.110370086600398,36.477304081218804,25.22186953357718,43.76996108518322,7.444625313803407,34.826539492229024,38.50816133733648,22.0942
23.693702566209044,23.0841417324777,33.771155659057435,44.648315972566095,26.415766840548525,3.5198666175560525,35.05836260002051,39.88677269268438,18.6548
31.420247549419965,26.686251079683966,34.92524076852854,36.14484340872508,28.07025562290752,6.776850333023444,38.76684200147268,40.331683711090264,16.0194
29.345895927061004,27.16593622290463,37.63901594406978,26.252054227039157,23.06278137759597,13.065206417828907,31.537004704079788,32.62971771638773,13.6612
29.427508721669543,30.220113620870205,43.67429292267745,34.65681169542364,45.1546600403992,6.197533441733879,29.0083809842759,29.145722982580025,19.0342
26.493715626023807,31.926101380858263,36.31998297246502,29.969768078562154,35.31274185949964,4.143431635696195,29.698080329724252,30.81008615820549,19.5423
25.86635426615741,31.674403465039674,26.622167422290687,24.16384774284311,29.227109571887635,16.518338037092104,33.57569484536291,30.246648814033634,0.0088
23.873542870527825,25.293285655268804,32.85717322342304,44.18690347133621,23.683197982167428,0.5811505193964674,34.282423840281375,41.86315523326634,18.0048
29.50200632201546,23.235946010229434,42.14923230442652,29.37936825233848,41.666067823357174,19.32550011393424,32.50826798494076,39.29826807166771,18.4136
30.41737268300277,25.449238702291435,42.84648989910634,36.00611236565641,38.736676013587584,10.898693218301327,34.899761084220295,42.59354891814781,15.6459
26.02398369790573,24.6682577231494,26.81891980211593,35.058050680564136,31.607428176626378,3.0177618861697493,33.43937527979773,41.15219944006182,20.8151
27.977447455166445,27.037776947413896,35.88724976665413,29.864729288377006,42.34544999486167,4.197949785472569,38.913691196601505,43.69764123804917,20.982
28.20258023411182,31.37677716940391,45.00196703300188,31.130539079612554,35.09187587230132,10.741735143053114,45.68335720360797,30.954651622029438,0.0
30.218313079314477,27.235074484283885,29.941263572432103,39.88889312105187,30.40697023443755,21.64760123709572,31.804012746225,45.376650340357315,20.4232
28.676522171951405,30.675299235953133,45.64473437938565,38.127084723358806,24.18388015188817,4.9984183480223505,38.7845834663461,40.77467147081427,18.7784
27.65745734850082,27.482564810682064,35.790844290111714,43.999977166277986,40.417459105926724,6.378358076251758,45.583478255437456,31.93896852821909,0.0
31.70862977209763,23.747177975227235,35.36028335799279,28.72372339690263,38.97975521553445,13.53525213563442,40.875365309511636,45.27964406619067,19.5385
28.899751462546735,31.585178560225057,39.85421985860756,33.37828219677386,40.71607181970635,19.623265116300608,33.88185924158243,40.95546613642551,16.6638
29.82320013864651,23.781130933963386,44.405634052942624,38.52962768972215,36.02441817921745,5.377226762785281,40.91686799979036,36.16913134127386,0.0
28.648078344974728,30.615680161737114,23.9510597669824,44.71810864550629,29.784884586979565,20.55417550489736,44.57645346636127,39.618481909474724,0.0
29.882548649763287,27.0910430567015,30.680952129017914,26.37889344310593,43.937642694255,19.872495700563746,31.11593677581669,42.58125298300075,18.9878
27.28756476561057,23.17578254362137,25.287849346590253,40.11097418327044,43.06050972575377,10.25004673214749,45.59000732426938,45.380661243039555,0.0
30.20573460297783,25.288744489987113,23.275475134676498,36.59262836369004,41.935640460176955,13.695132683376944,27.69303213599595,34.78203077510351,15.7657
26.801909157116153,28.806976249378437,45.69793404372041,24.8190187079193,36.08298737816959,19.799668435139246,34.56269848436493,33.48149050309469,0.034
24.66782401159776,24.708071055387304,44.72189733955581,28.488214952089425,29.796427453856566,7.827434302393828,40.096852229880454,45.93323251326774,22.2391
25.60545145050142,26.489983664759972,42.70842935698273,25.152470406291528,39.50420516201169,13.65069451991038,29.12079607470793,28.48856282287815,0.9532
26.473783204808274,31.51653946089779,37.19024028792749,27.5765372356718,35.34379139011888,19.422873266018733,45.0331242396918,43.763945051123855,0.0
30.882371451141857,26.552423537426705,43.43642927079925,40.89895703446892,42.358978290755275,6.241884510097014,32.36130531397035,43.89859960363713,13.3628
28.83217371479145,23.13510254534727,31.86774012867999,26.21252646707495,28.710524812252352,6.7048746752679,28.21900683933417,28.649280751997065,16.9045
28.036111306075128,23.079699694212398,42.85019985730595,27.039591972155915,30.606614052231407,14.763765357428793,41.98992670182394,31.727965211648495,0.0
30.922087880303426,31.767061421732556,24.05475333295554,29.053018065445457,42.6669529617091,6.91646468995449,28.263009914794047,45.299625988451396,20.081
27.164591945641362,30.736295452745793,32.35941294788752,36.33217029733899,40.7327658568867,17.029664672853208,36.902629652418554,32.29224976865135,0.0
23.530666137609753,24.892975960752516,26.320631739818406,43.28981256350089,30.282742977942718,2.59008528617521,28.74074583435046,42.40421892880856,21.8076
30.335556886305774,24.38158922560704,45.239106867336794,45.1492734977292,44.098644539345514,15.41236155392952,35.82359637941806,40.8478135054917,17.8531
28.287171807833143,25.87590308395611,26.296807762477933,41.07134318898655,29.93123035577948,7.563070390565295,41.92066423450198,38.100898654874605,0.0
30.604982336278436,26.96140801905239,36.93709109559622,39.49298455359565,31.33475756955538,20.015622456869217,29.98299931359654,30.22599359747828,18.8884
29.1317643920212,24.525113054345347,23.462992634367062,31.06667327260805,36.2102794779198,13.256381769401797,45.28662609931975,35.31408998940129,0.0
27.419103197047715,27.332282159494554,43.03743556262251,26.025713960064177,23.05546102589001,1.5726645607179324,33.87907260912093,27.872395969085318,0.0013
29.023237227869362,26.18004932167485,34.38482533620828,34.11472733722091,27.14745501720331,0.4389106893589529,39.57647663164858,30.595114980773378,0.0
27.06820484857424,31.80140734689227,28.560812785392063,29.0934742172141,24.809227947812747,22.517316718138275,41.76676342182168,39.92965789978418,0.0
29.350076281360842,29.06619351206184,27.815264977779442,34.050032447495056,37.4154901909388,20.333934026410045,40.10651256291814,42.42936011108772,19.2191
28.122990062777987,31.058923523898127,35.58802909845981,45.40809794614688,25.185706585041217,13.080942939762497,43.19115493084756,35.755947373392885,0.0
31.053639334661632,30.89945757095096,31.00163784394546,36.48728857367312,42.471129150265185,10.752493302650633,34.808836108203614,43.631656093529486,18.7385
26.022104497227428,28.875885576129104,23.73973039854,28.825545755409035,33.89340509488636,4.068070450782872,31.13472930587439,45.22064815620128,23.3278
23.8250528462477,27.582361155921376,34.83570940237981,32.988329731018084,44.48959075494721,17.81412282871604,41.9169292693949,27.87103006971942,0.0
28.99684839977894,24.647109826551237,24.73617783113014,30.209215038851518,30.69741501715519,5.060044634612698,30.90572400863945,30.501989807357468,0.004
25.262197451033256,25.53009025221085,41.98385152488311,28.94900400619497,43.95285761555976,11.887867682204718,32.30184445236184,38.79657203763393,21.4599
31.443052711142705,23.827635827645086,36.427720433962165,33.4019289557971,33.16424570693657,5.511916015801842,42.383513741004926,28.185813020272615,0.0
28.938343328496604,24.83496327646079,35.724950908362246,37.45432480112367,23.809424369621205,7.810604346234615,40.07936962488558,28.167590037625352,0.0
28.092376100111792,32.088990915250264,24.601320164128254,40.39940519584612,43.60892601917715,10.803465517779324,40.212837619976284,32.938266132272474,0.0
27.251948644727005,24.474165673245075,45.743525593332976,29.59832849893578,40.72107995837932,8.921356879296315,38.08754913588226,37.004621517302986,0.0
27.693819076641944,27.02606414241145,45.63214286721532,41.90103390142054,31.054840553352506,8.11946692037168,34.33811494086544,39.511089567843435,22.1291
26.813519234456265,27.254140989566856,41.36463432784295,34.37222163822395,40.44220676802246,17.47548804067795,29.53960832056088,43.165851167839904,20.1161
26.835548884325128,23.220410393090432,31.968184343907723,45.50293740006556,36.044328197768436,3.7901615991592785,44.62884201407746,45.83333476664666,21.0521
25.575273218723602,30.013127786717135,35.07851694314244,30.18745320165673,35.59102610352612,7.262229658762638,40.04926736582168,38.21759978820121,0.0
31.534458800157047,24.006256681821476,25.715042960970454,35.31488446979295,26.999809961779118,17.312691907424874,29.275295055563138,30.730319014345362,13.3151
28.383337512567927,27.48210935108734,45.690183875012934,26.492698853788667,42.37840810781623,21.54638233124309,36.30992570326151,45.648532675069255,17.8346
26.12384867382943,26.230311341905974,35.96954942854536,45.98586746628233,40.31163996596976,7.459363208068647,28.281587978824863,36.18797206288579,21.1978
27.435307634480203,27.295458082036852,43.922019734287765,25.429953937969138,29.724660157826953,18.35779375612933,44.972052795996106,45.49085860091745,17.7522
29.219074521771674,28.385332577171777,29.293161632384784,30.660189455874246,27.75220286674025,1.0577882384917938,34.400787280775305,36.37391585340111,15.1694
30.221165553313895,30.630841246519847,33.711951595252216,32.19338726566968,33.42713918181487,5.905116172173183,44.052028540304704,30.57203682099919,0.0
32.0656731953587,24.504697938770224,34.113462807676015,43.55992887544496,23.40799394676649,5.984393795775681,44.4991220373896,30.23788601538941,0.0
27.109970334028414,25.2761142484094,43.950556343800365,29.42940836662921,24.91348225218929,0.09450379882010752,31.233469215863142,27.977004749525985,0.0469
27.610396320813713,28.756099184426542,43.91537364566328,45.46368458386275,29.988085458321606,19.81781084043729,32.53878066311238,27.771710181323925,0.0
27.075948948113435,31.39834066311963,44.35113425818503,33.270312574254106,25.12948799118961,4.180269448894368,44.593260872505525,35.774751997278784,0.0567
23.300755070511254,31.512602635966815,44.2410390578622,42.54741054762809,40.115758335141784,13.674171507681264,45.80991256989483,28.438599488028572,0.0
30.914611408204344,29.942376296386094,25.190924398058048,44.38172493842017,39.58216503351406,7.587716299248207,33.01798980530283,34.78384547569043,22.28
25.223909357475293,28.835985507157655,29.2734329651596,38.994273731153285,30.29125016839027,2.86306459495556,30.3774282232159,34.31290676916585,19.4977
31.609892999621916,27.268322117103608,23.446583108507895,27.44325530739668,31.80678472006636,17.08067607949749,45.82570186220137,33.3175300277535,0.0
29.758252440753193,23.881515802173283,43.63246961860703,25.58490752547118,42.86980724223524,7.836986197122042,45.090609291358525,30.09840409495815,0.0
28.713657782151827,31.665536519335696,40.54212367823464,34.48641035939973,44.49983669262039,16.118758390936847,38.185225337403544,30.01487119448784,0.0
31.869804663128974,24.210528796779823,41.640329738842574,41.57005529879031,35.8629592103582,2.14643298835981,38.33763291695018,37.52061840827263,0.0
26.33479852337145,27.01169813845978,26.568424255390127,40.906757776631345,37.78169069636624,14.968637652018487,30.99349215937365,38.80073059110408,20.639
28.294750391695707,29.337846651292406,45.62185790818708,26.856810521854683,35.74985069352475,9.85580363993065,32.2411803419293,29.936834736748672,0.0537
25.65131567651729,29.299448947859084,40.71905536302785,41.047033013859476,27.79077152748237,10.200606252790855,32.67874884275187,29.166091042982444,0.0
30.525363701376726,26.97408831765396,34.59928757298723,39.79267218902111,27.98105912899026,16.931204779906086,32.18412886831858,45.228739534084326,20.0003
28.16585302117459,31.2724529019101,33.43403799409111,30.85238831694499,44.77487185035765,5.479447847510925,38.17032430750115,28.087021551933596,0.0
27.070385812430263,26.17660137431972,30.869485720540276,37.7581410363608,38.685069784895916,3.0348181285552918,40.07939341797953,44.647879779580485,20.4405
29.367893645468843,26.941509628798947,37.466570858530886,34.622818218329115,27.055108152026257,4.770875191294373,41.16844274329001,39.779806103959906,0.0
24.185652757281453,27.195948823157735,31.430453481701132,44.82090859764175,34.61845134865994,13.291528243082206,44.24996116533033,37.19663446044347,0.0
29.565467121789105,28.8031257454728,23.14118623991628,31.52247606112834,24.860896178226525,15.805927792330946,41.41318907343809,42.12948201105064,16.3002
24.42674145218598,30.554765148975886,36.810528859052425,28.074363146280632,26.214520224868508,4.93332790097809,44.5689323573839,45.78244859864128,23.1383
26.073013547493137,30.66737344381353,42.48927203769658,44.86409006987151,27.257687869261773,15.550000165176087,45.19483648773512,34.67058550983997,0.0
29.431618205863984,23.740592479701718,26.69083144515007,29.810976513196458,32.65385909540957,22.471879678869833,42.78009376879358,43.80540652771134,19.8113
23.798214879416108,29.940698564518446,35.356661745378,23.739894249257777,23.859557374951258,7.3474590426997635,44.861254993571166,28.95187328922807,0.0
28.228520471079197,26.06567871135522,32.94095363202257,25.400327255952117,32.687735678087556,9.236055257849124,41.419761745763864,41.98073892263549,19.1981
29.263377723823897,29.70997924447404,37.005899008759,29.40239027681017,36.61699323728825,15.176055002678881,41.29855474662266,38.48555211994317,0.0
26.585594335990354,31.55427205425205,42.23836974309575,43.72220128845078,39.733988147292024,11.494862890940508,39.26435943565045,28.023478763240544,0.0
25.899397370258015,26.4679306962797,31.804294023679187,39.09293485496447,28.91529942420691,12.72748119858182,27.751598506675506,32.26027466980036,18.9958
27.37314670008315,23.360541893309634,33.52440351336274,26.329299669551,36.91024279626339,10.333155111496572,41.17393402843095,35.539222674922684,0.0
29.08448647022304,29.761885360522925,31.152269524557276,39.82129267913171,45.1453319855287,10.558007831278697,34.63805677584841,40.32137794469861,19.892
31.694723642425714,23.688166983628427,31.151787935890024,35.18535287323099,44.264135159747745,2.306039222269095,31.134571993123323,45.89412359961522,19.4455
28.31257218966312,23.434689604368366,39.87391479016537,27.093648564577226,34.75371866588554,4.462126214559197,31.436032043909865,31.19424967914877,0.0124
28.130387663765806,29.133741537988087,39.034989416952904,38.586956532145486,39.1990981355601,1.4143864192940607,43.31856303749993,30.79224632447731,0.0
24.804563927134446,29.140347153361503,35.99627548167367,33.553397962073234,29.47973217825435,15.399788953554822,36.29153099556133,44.07674022017696,23.281
30.279510736365552,25.66177217115419,38.87655613357116,37.5385918611706,35.37629990209796,1.2431515625158749,42.65059228738332,30.23484333310347,0.0
30.059020245232734,31.335049458286775,45.01963482426426,26.71880717969422,36.44821248999892,11.480016173273626,42.029122849213856,41.93495160940817,0.0
30.873230262625395,30.18474885137128,30.827207272548655,27.779153492052618,37.11038874807486,17.445749833937647,33.10907384488231,37.95541941355822,15.3707
29.796796984591026,24.51384147631093,40.063925486504786,45.66230879724753,40.26800019337692,3.353077123030336,29.072663606792084,29.388659323906165,21.94
30.286199235748764,24.68355774389856,29.180813163322455,23.923575859745455,45.58468267452996,5.152343052599649,37.39577733046027,28.481800018255736,0.0
28.703174322797654,31.02773563907809,44.47931204080437,40.560914654108274,25.170967122102123,21.858543767787026,28.17964133953482,45.61886580688446,16.0539
24.57355617837723,27.41734955097072,31.958066843790206,33.601168069545736,29.09699997306915,0.274526514930472,43.34989467310351,39.65410742529982,0.0
30.8235095928515,27.749158942193077,38.4811883584403,31.449786817700748,35.50414200729173,4.080597448548667,42.25079334047497,33.81393532898655,0.0
27.254043312861064,28.349582437168856,29.16748234648048,34.6021170725412,26.304586700744373,12.698779922221602,45.51613925561725,39.25129183097269,0.0
23.624955061495093,29.815254586628086,28.417680888193722,24.235971411469787,34.13462519020751,9.117306253611604,34.02070456996459,40.24864628558995,22.8049
23.529073051928876,31.057283534138694,41.86701447095572,31.666897366357336,34.91456924716854,7.084748979886887,34.43474067207458,43.91746385631194,23.4825
23.734671081216433,26.30297088611481,45.730021639227814,33.946127681162146,38.77224235673619,16.087592836916606,43.49039879011238,44.11264340465061,24.499
30.0016120773285,29.82619410873111,35.68310025260759,29.43262084935854,37.825372088690926,3.0212397991554387,46.01458698351435,33.14802666826054,0.0
30.871993309737427,27.463684154994866,28.77574975053739,38.33083860799229,25.830066731364727,10.758074611652882,42.752773373222155,40.8278129844041,0.0
32.16513620310096,23.576492483215894,35.923418130506974,39.73718105760855,37.03600338116625,13.942582544031781,40.55507181485819,33.678547104569375,0.0
26.624470963508553,26.71543763455922,32.73037443905064,23.278852747135115,45.35799948193555,13.195430457125656,45.22893921236714,32.673064933207556,0.0
24.69476019241001,27.432620135676355,45.47807685651482,41.241193934017886,42.47785303416835,5.006215102238858,44.654612936155765,32.350727995469505,0.0
26.70944866220798,30.6936240356138,45.08595516731931,27.956625993529403,37.71848755843401,0.3354403590993675,28.045565905332488,35.28278436123712,22.4517
24.698750134480097,28.85666917817311,30.900501471336305,31.777075250168156,28.145263707650447,14.07122673057753,29.990856806977195,45.104499954006016,23.6572
23.8004886495399,30.02569673754219,32.710618277132866,35.74877534847923,28.3399929162816,20.261874447576012,37.41203623895602,31.579300953251625,0.0103
24.47312289822087,27.845482432564555,27.75828876731057,39.16908977235079,23.58892014837516,3.0257704602066786,32.58947101786589,34.070682115106266,17.6693
26.256556316947822,30.85362220244808,37.253405441619826,26.29379404585531,39.66332976858632,22.91982978213575,29.221177909041863,44.18391044280102,22.4555
24.04824248046803,24.805440756620495,31.045684874560564,35.280860592985135,35.12850994142996,13.54813183783835,39.5273172009759,35.43615315334545,0.0
24.759103726822214,27.771842311241475,44.15205445728731,27.293101018293527,31.794664571464917,16.550807759999056,37.348431767268416,44.965725250611825,21.3459
23.90907666275852,31.14853905131963,25.5230984305829,24.315047690222706,30.706388831408734,6.95862746895692,29.449641605199098,33.88208315366581,22.1991
24.32149877610471,30.832858649462892,41.5233724669445,38.39192882300013,28.35336224303083,17.68976511048156,35.03823839456667,40.679577994398315,21.2578
27.722501022500737,30.569712143001166,26.629393399656166,40.3536506302454,34.09759632450414,7.393029549535197,35.58737951887455,43.26140090328673,20.506
23.193695203382767,23.698271110088566,23.91873591624526,34.104294098799585,37.0732124054238,19.497418869519695,33.00316823826587,38.858749421408426,23.2308
26.3116862438081,32.142553015192135,45.95293408512378,38.49107602174722,30.42336273980495,21.70757261604304,41.18528049068313,36.107304589744714,0.0
31.123114451339674,26.093670574997073,29.779064609048177,27.7245432873834,32.53371662117623,9.943076946125574,33.54540671423983,35.5874081052208,13.6351
23.709828876704158,26.48228431132327,34.514413619235164,28.53045696655677,29.887065284294856,3.9349443190732956,39.49697749828502,29.94392554936814,0.0005
31.13615860050272,24.245184033713887,41.84268108067285,39.03941015023053,45.1407579192797,22.536301460341782,30.916489682661123,43.76124935379496,16.9926
26.293675864064063,23.530029173914897,31.74440528571342,40.730535319967615,31.27409195924234,22.358469480011987,36.33696373760962,29.189543107034922,0.0
28.17309159554593,32.02790892180503,25.008701198352632,38.61954886480024,42.97729368385407,9.891122358302269,33.99425351031647,35.00605931136248,18.5121
30.539614762398486,32.09241517238305,42.89052435149132,31.276405628644227,29.560771244137403,19.879664660935866,37.65923055782235,35.3346699792093,0.0
25.171859174826462,24.013696986966686,45.780070661433705,43.73241881932543,27.360284577545855,12.735772157685567,36.324135930232494,41.22424181506749,23.0488
29.151205567284165,24.579512561061403,23.65848714915494,42.593454762395,38.00102726244202,15.289983177895799,30.208700950212044,42.57433367798117,21.5101
28.409248602871994,24.52169420570361,38.58280693665651,41.558401722156596,30.6710088026321,0.627029593960495,30.828952609654117,43.79309786117861,20.932
31.722563749760635,25.21859225857438,24.965173758555526,26.80573451571193,45.29242446395165,22.698834485488252,32.51399754034543,40.98460234380429,16.7302
29.163324324278236,29.069874884195837,41.35720045464532,36.428851204503204,45.90151271473859,6.523559591345638,28.239122953268605,32.66411493807582,18.6159
26.503325966985837,23.17208635477472,39.16318351769213,25.948933471931635,40.816119001758906,11.542246836586353,35.66081700038488,44.35537508591358,22.2571
23.08510335572696,25.027234864013746,34.46941543495453,27.838540378309805,30.632549426126115,1.2243173743461404,36.92220901096266,32.63518243942752,0.0652
23.793902927667904,30.394399755866875,33.866806853128914,32.32920415710004,40.2236580424441,0.6584129581534934,28.332791767705135,44.74804446106859,24.5442
26.60270399700638,31.5423705534501,23.729667544284734,29.023178389110683,29.787200564189995,7.169091251028038,34.05442063215839,36.82977270877893,18.7453
23.163550919279245,29.986249352395717,36.596309746281506,27.447824154599225,39.57950838610516,12.535684060908649,37.70155553455946,40.7979825461544,23.4036
29.84740126362269,25.324462530016778,23.404426119107832,30.086137013577453,26.813791514291477,5.2011281357687835,29.436291901712206,28.77761884504406,0.0043
24.542496644966803,30.48274529750242,30.338716680955173,30.428460867862945,24.832665852255406,14.8958601623366,39.08486131012089,40.40758795182945,19.5884
31.786636865636662,27.969232217690397,25.713104316305326,34.146166479845576,39.41835283706181,11.031243350464884,41.30087795762903,38.39412376124666,0.0
27.43370695899772,28.83494583004763,40.78187722960958,28.276409087209107,29.541113375801586,12.030638488062943,27.655636876256015,31.634981517257515,19.4896
26.339066808256845,29.231048783564283,43.65069027113056,32.349355465720855,38.859436587313574,11.225559720107102,40.51414022705899,41.957634380758535,21.258
23.925813994751213,25.172674205890438,39.04251056088687,39.53192351058541,40.58310568283732,13.171743407997528,42.08208426296726,35.20753966364313,0.0
25.731591913146115,26.968018758756376,37.072515457975506,37.35459857336419,25.221489022960746,16.49638908563813,45.32798771163277,36.590087641541686,0.0
25.731301547847615,31.41568312209479,42.26865914321871,44.928264321669744,24.091194143186232,14.653855840122933,37.19776942478073,29.66025814753925,0.0
26.256130657708866,27.165817081506617,26.953889365047534,29.247814371542077,34.93793195141213,16.97592578206318,33.04789352155018,32.579254456366854,0.0188
23.29632618092088,25.798831230300188,32.142535653308514,24.765891220014577,32.52572772690346,0.3083097007269739,28.224851969084582,35.778194454157436,23.0404
27.97365910193306,23.097432046073816,40.36916219048267,40.83964875027045,28.936394772995666,13.63678263157962,33.819068846927415,41.51568832894953,19.767
28.861229978965667,30.390664221023652,33.39767603424275,44.54202456549811,45.218389130009356,11.180908324222012,44.04448094811969,39.115291608281545,0.0
28.55933948947573,26.831872936876145,46.01978259848035,25.25254792738497,32.92497505880304,21.81840784031693,37.725092675463564,45.44551807987568,19.2802
28.39490192327041,29.31876816261662,42.23284813845583,34.051973800083196,29.373715754736725,7.093271996941979,38.282464478525185,41.70662135106789,17.6902
28.793390603183962,28.295610640148368,44.08905135480561,41.12327834705508,32.58420811850572,15.943424910957496,42.74959641468877,28.650621299616876,0.0
31.01528231611028,31.34893821792145,41.158614560675,37.870066808827204,42.74750867139386,18.372241405178038,43.48783486735748,33.21570650280088,0.0
31.37157861478769,26.433480656480512,34.78799313543783,31.113331900173346,31.343986927468773,7.899441539865123,42.2474936553407,44.40173005223314,19.1193
23.905232868591817,30.97728960355665,30.87787518182171,41.43611540780627,28.212271036260095,6.050115020110563,43.28359064735406,29.276157177633355,0.0
29.267664281887274,31.008408997437275,28.22087192075933,45.95217664423804,32.60707542600102,5.912323635842007,40.72843767255205,44.171948046689515,12.9822
28.9275376637663,29.587907253838452,27.655229547754562,33.39582340559822,38.361981040007606,1.9874291386155025,38.747171233004394,43.57263395508983,20.2957
26.696522967566636,25.601032896610512,30.78160054839706,27.39098858588611,24.784554043056445,14.003702807899778,39.0147748280271,31.025427019220334,0.0
31.17098677404813,31.869858252145264,31.06396617954945,23.36194730498953,26.523531219829135,20.80519646700073,30.58830901663706,35.715439111897204,12.6113
25.500885052075628,23.349178989976544,35.1912338887231,35.22133731068538,24.121867384136205,16.720117183316912,34.109289009415896,42.72714625466735,19.4348
29.09625503846029,26.75702874814893,28.66803473971561,29.970511376545673,42.59442760393517,5.6627868761676625,29.662097175583693,29.389343124302023,0.0158
24.555121835662103,29.465955349491296,37.90270279870572,38.45585182084204,38.972794910010535,8.693134725281377,30.330096804193403,35.75311030518345,21.0846
31.174693644901694,24.078168736703613,35.48655159761743,33.31271802626231,36.572459130868936,11.138802193936005,40.35293050354582,38.363270269125444,0.0
27.77663364571544,27.048768833070724,25.927854628667085,28.88224231883628,35.23539578636908,6.062847655768686,29.23132447374312,35.656210312772956,17.3059
28.81500046947733,25.851413508632405,44.58886698250288,30.498549857906223,25.423578732109814,1.304902298694909,42.28946738019463,41.11643161872509,0.0
24.975002395297896,24.915142804143045,24.375320005656633,28.259814324625935,24.86784473953906,9.926677398937395,32.87775490242145,39.59820138246788,19.0416
27.22393925658842,26.539543182960447,38.89911788145426,43.97805143721435,41.06094332979671,3.9758073901098747,29.802884403114515,45.056845261297354,22.163
30.88542718638703,31.04036736173242,27.726624183548594,33.16986720393583,27.524730632532602,5.379471370549688,37.30934149014327,45.849519496227884,19.7907
26.624071618771826,31.452803853086657,29.864015559977553,43.39418967294527,31.828332258747768,17.630893922052866,28.952176867667156,29.788895921497165,21.2051
25.87836156844853,27.83393242084102,37.288064446969294,45.70468107606776,31.41060300038014,8.833347481927792,37.78321900315701,41.775773845915865,17.4201
25.868438171845543,24.84500836135381,41.29283338417234,30.44262680083443,45.399251653157336,0.39303692905394005,38.225130047839,36.89646882590497,0.0
28.33289818119619,30.525182516466536,43.55503673014442,43.126389804717505,37.18988167415995,14.689964212696342,36.70656633680949,36.73012010192649,19.826
23.929981103381337,23.430823245468762,31.492257368314796,30.932404990278837,37.05339702462506,7.047500151076269,31.486302522146225,32.2536166887449,22.1994
31.491564360239565,29.203730110940683,40.30013747145307,37.885078007533096,43.6468434433183,9.556114640132044,36.28392200456037,39.00371917167863,14.9844
29.903259368514327,26.447184887245502,24.835207370431817,37.2550807821363,34.025399026193654,4.150229891518161,45.03869925754867,45.273183775128,19.2163
29.15285291769318,26.423881033461882,30.042427901529447,23.83359916078922,33.394921848234944,20.298977279322386,35.229033305183506,35.86166988800091,15.5699
31.902001362076565,25.902367542732755,36.000972105048795,30.50965998520421,45.25694773637122,12.23949100643084,28.424161224061162,34.486097564282254,12.2125
28.329533144388062,25.085351564734786,25.51493520186639,31.37093641539444,39.96311549913995,2.1322247398340606,31.93845276685064,40.48347343471284,18.736
23.80479261948993,23.25149065430296,43.83606648798902,36.365929351456195,42.787528939953134,19.281324325138463,36.619784358287234,38.40933142456123,23.6669
28.982216737844446,31.120392222402618,35.20949517331257,43.24102421239681,40.9346175763808,5.587576518371112,34.588695784733076,42.972782928343044,21.818
23.891552343058006,30.019986880536493,23.166896543357254,25.15900807032725,27.267520432953805,1.4077685961950375,35.48716603745749,40.0435022693728,21.67
24.647101105323664,29.63952701976365,37.2748536498564,44.254901963798794,44.62283683931082,10.805367609444982,36.76694229714571,45.20755821712377,22.4029
30.5433637015936,26.656133855042796,29.98160265493081,33.26096951641735,37.314202328597005,16.735971408733878,29.919818107370762,34.14172083226922,13.8387
31.650660261253826,26.196149285758597,26.340215079835566,44.735802231109766,40.726618962310184,19.45094744098416,36.48613217470263,44.731180016348446,22.4949
30.218473802336334,31.063147661223038,44.85497478810845,44.387485134870516,24.772505691196645,3.574421091837698,32.162842555650016,44.85642376266572,13.5796
23.763097585828866,27.197899840346132,32.52355444019265,36.65556940150648,45.501675209278325,7.440388115567061,30.211891626334026,27.905926265452113,1.2553
25.516447839533825,24.439760738143764,24.90985593178656,44.48778361694042,40.631327318144784,22.790710028458022,30.51308925277369,31.24972306340268,22.3676
26.004997173281733,24.626810773049367,40.690673660936426,40.82635586961641,35.68080758044671,4.223417202863616,37.01073732721629,40.07720567959567,19.3542
24.150578924451267,26.20679916321066,25.0652111619703,24.613591093830873,35.78485778517825,19.156905289940088,39.53904258019878,28.68093988346475,0.0
23.651812668683775,30.82549122332388,34.051518307806106,42.85814365614892,29.792068179477436,20.3360046536393,42.23082976127713,30.330500505890644,0.0
26.54081616125283,29.269835602441923,42.873307517512536,31.014453768723886,29.51531314008439,5.248702826539449,43.04670809071417,40.36873764467998,0.0
25.56000045393234,23.480866076991568,23.48268004079175,32.78434036100331,45.161676007199944,13.689987599776796,30.852256154205644,41.664218964614435,21.4559
30.926677402820907,23.76535001289116,30.332382548732657,39.58035788247474,23.552722734131052,10.799434231545174,41.18401889954254,34.6852946445556,0.0
31.52123577193574,31.282904982129317,37.82688433815456,29.922832988757722,37.88032758917537,10.40513030383753,31.029374545996838,41.35702279951899,16.6345
32.14416434096723,26.81784574301565,35.64021134024456,27.511243850917193,40.5965776858868,12.516241160956405,43.79981805848515,34.12148394012921,0.0
31.902475364592576,31.75366999433367,37.835495479181304,38.65771472678447,39.91467740838541,7.4051627114099725,41.020261909194474,43.90641799462493,19.5665
30.779933863796224,30.598945645545083,45.349967639304225,31.900408931119046,45.17399842443566,15.628465031982085,40.76171435482857,28.757882627108202,0.0
27.666480486135338,25.69809473097107,33.33524929811921,34.11718692796824,32.62324084046783,8.332024291999918,33.23006073822022,37.37576078187255,17.767
25.727182197618045,27.053002158070832,33.42639652173975,35.750795227098706,44.004052098673334,0.8567279140305925,42.609917388103476,42.346827593831,0.0
27.54488300511333,31.034466137993018,29.159965114297083,37.6529446518843,41.28232610047111,19.919410544700074,40.03525562800645,31.840176788214954,0.0
30.595669861937516,29.419694488229066,45.95390141523406,28.732886371899234,23.52858988313987,10.299984708319112,44.37493444820716,37.86942712898794,0.0
29.675895743235806,31.25326834997488,35.20617149142425,28.567229612563917,30.75922437295083,0.04647299766908615,43.524878548553005,32.11753908871791,0.0
24.279254896546135,30.558966565212103,28.569146295779564,28.51147532869007,33.10585374229734,22.516854346428573,43.983274852441035,27.882984801300555,0.0
27.38825336580358,27.74573851515271,30.090555269355544,30.14746180129603,41.20090927622593,14.799570744296634,32.65137561164165,43.92068725849221,21.5363
23.92652393409699,25.50135224613053,27.110661465436255,28.57683665840444,40.83587117233442,20.204522571466715,37.384706521014024,37.16393409327903,0.0426
28.60186988194648,30.706935003221727,40.657967038897844,23.2377047715821,34.69364100525092,4.872185102277304,29.842743678685515,29.61355172348704,0.0488
26.00750837682424,24.114730690819435,25.514049796312207,23.275582654924424,41.3875340528697,20.34034879279042,36.07888063040918,38.10357186242225,19.7324
26.81785495014516,28.806680047981793,30.995953303640473,29.7159837529447,44.717934865350266,17.44147544739903,37.4338214072573,28.920484615353768,0.0
30.693094842955002,26.434053877331092,37.6787989178414,41.13648332024449,27.709071728121685,4.630256870449426,37.36624097508323,32.81933474853003,0.0
25.97948947332041,25.66697013027141,45.76902291508851,40.77430829861107,39.2484993205213,7.211612411615337,29.69651723734713,40.818510492168926,23.3339
28.15265019794339,23.07791821813156,38.92258522953462,25.564225110771766,31.543113710495113,7.657594630707937,35.25998413763395,35.103487690040666,0.0001
32.100007343651924,25.547675225116922,35.6044830179453,28.101373615148297,41.35833270591485,7.369555733962298,27.705712816048788,30.996676716030198,14.0354
28.25263330167142,26.57147295251276,37.8764983949129,44.424608202478325,42.45522661472018,1.8822253007110257,30.31904515111665,34.169082492300156,22.3445
30.32404962562327,28.391197626422734,23.246143240498828,27.23927359633899,36.798221953455666,16.975329956421763,42.72645076243054,42.05388436176116,0.0
30.137406491618364,24.233240090475118,23.964479406375844,27.782345440247926,29.172019775301454,0.18079212586348825,42.7503845809258,39.88550131099607,0.0
30.38728127610455,24.00125287208818,37.94645670123536,33.51645134684591,33.334810404490504,3.3852599557017125,35.58915554115639,32.24860669068313,0.0
23.26876343107918,23.306925403061605,36.42589085887309,33.73798032847334,38.90547719761686,4.181180154562948,28.115006346602424,40.19930400881908,23.2093
29.504201533766654,29.063285065370845,27.289537316343004,34.850802458239826,37.95985633012546,3.1180874593295758,30.735746331120193,41.84334070856457,18.7575
30.401526205527826,25.434310932882,39.141423844840816,30.863412163010718,40.262560679674095,0.43043636319886946,29.381229823374888,28.2678826654954,0.0023
27.187376697712203,25.609452106480603,38.36310657568008,26.986782402964828,25.223279234573372,4.162226747673045,41.15512222653161,29.1130225808641,0.0
26.031239256968245,23.194413969404362,23.690222895872008,38.135689136872124,28.398218894374793,21.885942274748928,40.71757750183285,41.44686616716624,19.0201
31.44111367360509,30.159388147012365,23.251874853238256,30.810664380675437,36.736827208074146,19.441558060754307,44.63837874156797,29.637867432559165,0.0
29.096195691603448,26.062105701079144,31.211028176494448,34.674833600304616,33.60988015526388,7.5677711650541,42.68000260283359,35.11487253015562,0.0
31.766684312924216,28.738139900235232,39.6569241766163,37.17911606770763,28.148647550024254,5.570206450375518,31.30689651573151,36.784416875114516,14.4325
24.97671357535466,28.27947478147441,29.185076322727568,25.10518835758467,39.16439501432533,0.26820903481321146,29.919889545844843,44.53871499664014,23.5804
30.937402438037825,24.257956341040025,31.128926358890816,40.05953715217185,25.686639380835157,3.6154075777081824,36.664220773501604,38.53240144098916,18.5822
25.04818852606169,24.927262424349763,33.17138568975285,28.68100811057207,25.150516592586204,21.842964681781222,42.06666448280967,36.331146234082325,0.0
31.28114956768215,24.057955219430873,39.7998651760051,28.61867165523747,28.259874873684353,16.74459613628289,39.452876868979466,40.38585203518091,12.8464
25.238212260846733,32.218871524003454,37.32680239328588,39.393963978872435,35.85085060390288,19.22837240530679,39.64284498164903,28.379111460881106,0.0
28.56032367669699,29.024216645408035,38.801205390099796,41.215213912819856,23.134517377755074,13.057552472060259,42.54750255945412,43.22859336740831,18.1191
32.06233692204722,26.689587078389028,41.0506223477675,25.429138133854497,39.91246679385117,0.8321712453140664,40.40718724889234,41.38968512677184,13.2227
23.57901670867387,27.766934923403536,38.113099149435314,34.86915126402359,28.903966138364908,13.992932856837301,37.82215571667981,40.75689474806938,22.6035
28.223262712106393,31.778743679188807,27.40154891458781,37.100440628597795,30.368004225792667,4.359447423683604,30.199463197643638,34.77643855580587,16.8637
25.58691051131348,26.480300034369645,27.434473811645496,38.221269782432394,38.094717054790834,13.543979375016066,30.684150419870097,45.051888286020855,21.6545
29.191621389151308,24.86533918844144,23.037685179850012,42.48568362930578,39.73688117470155,5.048440398327791,29.666768106985902,29.246088901377266,0.0
27.045748724639928,31.590528708351002,29.597945181510028,42.61959058646208,29.820017146874754,13.30358239787265,28.123259066116976,46.01405244952305,21.1269
28.517148803512782,30.564005644162798,26.955124564627642,40.45711171687324,29.377997893816463,20.735466731694267,29.011288214437243,39.118771442198316,20.1154
24.737521408216917,23.235992068178206,41.118473836559176,31.591052769325337,42.379250098864844,5.96944263171342,40.196666537303095,29.63212908450914,0.0
27.097532966355143,28.227236621640007,36.18609841895293,30.567636157804245,43.47582710633182,22.835114476114583,44.400645614077305,40.62572142284018,0.0
27.617372577034786,24.88741632148315,38.45913164628823,24.083624121066762,32.30486951453032,19.220533580505624,28.526919714973673,45.284001781483205,22.1712
25.306388546435606,26.984246631584927,30.046044620643073,42.397421492519584,27.19148759420787,17.379055625467736,30.426022990020144,42.62447170401483,20.5934
23.951214952953684,23.443914515411272,30.802358464244687,34.519730538258955,44.92436850431493,11.95733827467191,40.77109758649369,45.46699962970098,24.8855
28.40088940875667,30.568741290912246,31.385382599876163,33.881529955558165,36.63522196288922,14.036431644663821,40.42793994480034,43.56958265602215,20.5959
28.162357486356647,32.165812232073485,34.32675691287773,26.93644251617887,34.64042734966599,15.635618139602737,40.830073557756045,40.775216110546516,0.0
26.956638887633087,30.544036612358244,26.33439613226567,26.42989272367328,28.248049782142626,4.644917113752426,32.64487321147253,37.76334445855592,18.2082
30.64976515102856,25.431141200785103,26.945790115146355,38.799825861960926,34.386586696719235,12.613112128891633,31.076337835669307,29.816395932664467,0.0
27.6171506940671,23.735883695859368,25.398465103635566,38.024493747893146,37.5194530475939,6.71532485886685,41.16378731672099,39.39736434995652,0.0
28.657451607144758,26.416868555233748,41.99694575803635,32.067510155727774,24.374965481984383,17.674783879480483,43.45399839408312,33.91774834652573,0.0
28.774491342763696,23.48892524642903,34.80928849747209,27.784850600754638,28.096319075699782,11.930710303582577,41.11269249777772,40.98702383878444,0.0
29.504032611035207,28.789027479503517,40.40071369793918,35.28225717098212,33.52025011634437,21.830754092863902,40.16694494520018,45.18843992304628,20.5895
24.84860029957694,30.714270886356527,34.876620331892006,45.39090044214177,42.54969455578686,16.464074272403224,30.059648707100752,35.98071816613158,21.6121
24.934514107722592,29.549479819379545,25.301666503145743,24.157839564099838,41.646389523459206,2.6937510539088434,27.995037264781352,29.80840189736311,20.9732
23.469491397911753,30.295734120247406,40.076586505602485,33.17086372783639,31.62837827424704,22.787107240802502,44.401124380909,36.02314030907958,0.0
25.484894076063195,32.219987388461604,30.959538996982918,37.53083256115389,23.708300544699426,12.340516206787337,43.743031363902006,43.49398837281117,0.0
32.160702399729885,31.328477519128512,37.03086424077747,32.981223457348335,24.80191169832637,14.114965152114259,39.01598803534904,39.180478296011806,10.2259
28.643871024580996,30.608830908433383,46.02809014508152,43.625224680260736,27.899437346862232,18.527767257121983,39.07365719029324,32.967701426841096,0.0
28.940976259522365,32.17357771832335,36.40937819563513,34.37668647552428,37.953297339900374,9.803136066760935,29.966275616279184,31.19062186652001,17.3258
31.538798624098497,28.28898797901494,30.154943144144912,41.90314974809193,32.65326434899484,20.9128601605523,32.65362665201619,35.20455125252738,21.131
24.659233627884728,24.292313219292463,34.35255510081102,45.519158665002166,38.67893211415929,16.016009151735748,34.929267087661636,33.32164341160042,0.0
25.090734660015407,32.210553641248254,38.235405449858035,45.27288265172373,39.14938248556142,11.800211085462013,45.2147711491207,43.311003034248465,0.0
29.485572734970113,31.624466323593804,26.16513189931658,43.961725842178005,40.79695481846632,1.0067832182515999,41.042104842992245,39.413657012643846,0.0
28.82124737804642,23.715533307410578,43.290435650346836,34.8986861450976,45.62260177475624,10.146780915141045,35.18745550219676,32.31287700965734,0.0
25.739127764190766,25.779548095969638,40.65465054384197,38.62987691419541,42.562290959929385,14.280610254853306,34.88163729409094,29.246409285656405,0.0029
26.62258642643509,25.042043515324423,40.548164858726025,36.966649509976754,44.59733426752414,19.2629231974668,38.10301044842861,42.61454306070171,20.2753
24.947626130190375,27.875182043594275,44.44420963245814,38.02046854190968,43.339305611732726,1.8398057079348515,29.933156009762794,28.118549356418338,1.1947
28.013429975027936,24.260601259912853,26.77556049649901,36.352316378877305,30.303618891648643,4.434255453491042,37.84565221825318,28.031345432059325,0.0
26.87938245274089,32.18475968378289,35.481980680857646,30.313754375684965,34.64746364240833,13.709304584373704,36.18971854068563,28.200855075211585,0.0
27.653222654149005,27.855369747882673,37.80093625202928,23.391472021196847,43.24533046618936,9.459322704546503,42.42458251259869,31.671306190047176,0.0
30.117059304223982,25.789313416841935,36.07998823993472,36.56575455327145,34.25317254492521,6.559287335815689,38.9423777983503,38.11944212671865,0.0
28.585870594472883,24.041751936662962,34.506102016547096,24.529256755802322,35.73657178157318,15.18874863826256,43.31856993071925,41.795320271277255,0.0
23.373889544146653,28.20351310279069,33.568558832205035,26.927800269350385,44.70188419103897,5.861668807795184,31.32225612460027,33.17746437478742,22.9303
30.107108377842444,23.25666842428719,36.3059398456584,38.016479941053895,29.32294889514243,3.002605753059953,43.04876602370584,42.155599951624765,0.0
30.805684858222126,24.929297803261782,32.515106167778185,36.85227047169088,37.95065223753273,4.07688700098292,37.85922697446367,28.121715245576063,0.0
29.30337104457957,24.431441684432254,32.59410399934824,33.35559689852802,44.98763500057909,9.527716198318913,44.684618746925956,43.15351369246638,0.0
